-- phpMyAdmin SQL Dump
-- version 4.7.7
-- https://www.phpmyadmin.net/
--
-- Host: localhost:3306
-- Generation Time: Sep 14, 2018 at 12:36 AM
-- Server version: 5.7.23-log
-- PHP Version: 5.6.30

SET SQL_MODE = "NO_AUTO_VALUE_ON_ZERO";
SET AUTOCOMMIT = 0;
START TRANSACTION;
SET time_zone = "+00:00";


/*!40101 SET @OLD_CHARACTER_SET_CLIENT=@@CHARACTER_SET_CLIENT */;
/*!40101 SET @OLD_CHARACTER_SET_RESULTS=@@CHARACTER_SET_RESULTS */;
/*!40101 SET @OLD_COLLATION_CONNECTION=@@COLLATION_CONNECTION */;
/*!40101 SET NAMES utf8mb4 */;

--
-- Database: `lumauonl_dua`
--

-- --------------------------------------------------------

--
-- Table structure for table `attendence`
--

CREATE TABLE `attendence` (
  `attendence_id` int(11) NOT NULL,
  `school_id` int(11) NOT NULL,
  `standard_id` int(11) NOT NULL,
  `student_id` int(11) NOT NULL,
  `attendence_date` date NOT NULL,
  `attended` int(11) NOT NULL,
  `attendence_reason` varchar(100) CHARACTER SET utf8 NOT NULL,
  `on_date` timestamp NOT NULL DEFAULT CURRENT_TIMESTAMP
) ENGINE=InnoDB DEFAULT CHARSET=latin1;

--
-- Dumping data for table `attendence`
--

INSERT INTO `attendence` (`attendence_id`, `school_id`, `standard_id`, `student_id`, `attendence_date`, `attended`, `attendence_reason`, `on_date`) VALUES
(1, 7, 13, 7, '2016-04-15', 1, '', '2016-04-17 13:24:10'),
(2, 7, 13, 15, '2016-04-15', 1, '', '2016-04-17 13:24:10'),
(3, 7, 13, 8, '2016-04-15', 1, '', '2016-04-17 13:24:10'),
(4, 8, 8, 1, '2016-04-18', 1, '', '2016-04-18 06:04:27'),
(5, 8, 8, 2, '2016-04-18', 1, '', '2016-04-18 06:04:27'),
(6, 8, 8, 3, '2016-04-18', 0, 'not well', '2016-04-18 06:04:27'),
(7, 8, 9, 4, '2016-04-25', 1, '', '2016-04-24 06:35:00'),
(8, 8, 9, 20, '2016-04-25', 1, '', '2016-04-24 06:35:00'),
(9, 7, 13, 7, '2016-04-25', 1, '', '2016-04-24 07:57:43'),
(10, 7, 13, 8, '2016-04-25', 1, '', '2016-04-24 07:57:43'),
(11, 7, 13, 15, '2016-04-25', 0, 'not well', '2016-04-24 07:57:43'),
(12, 7, 14, 9, '2016-04-25', 1, '', '2016-04-24 07:58:02'),
(13, 7, 14, 13, '2016-04-25', 0, 'not good', '2016-04-24 07:58:02'),
(14, 7, 14, 16, '2016-04-25', 1, '', '2016-04-24 07:58:02'),
(21, 7, 13, 7, '2016-04-26', 1, '', '2016-04-24 08:29:47'),
(22, 7, 13, 8, '2016-04-26', 1, '', '2016-04-24 08:29:47'),
(23, 7, 13, 15, '2016-04-26', 0, 'not well', '2016-04-24 08:29:47'),
(24, 16, 18, 23, '2018-08-16', 1, 'Sudah Hadir', '2018-08-16 02:53:08'),
(25, 7, 19, 22, '2018-08-17', 0, 'Iyaa', '2018-08-17 04:27:15'),
(26, 7, 19, 25, '2018-07-18', 1, 'Hadir', '2018-09-05 01:42:08'),
(27, 7, 19, 26, '2018-07-18', 1, 'Hadir', '2018-09-05 01:42:08'),
(28, 7, 19, 27, '2018-07-18', 1, 'Hadir', '2018-09-05 01:42:08'),
(29, 7, 19, 28, '2018-07-18', 1, 'Hadir', '2018-09-05 01:42:08'),
(30, 7, 19, 29, '2018-07-18', 1, 'Hadir', '2018-09-05 01:42:09'),
(31, 7, 19, 30, '2018-07-18', 1, 'Hadir', '2018-09-05 01:42:09'),
(32, 7, 19, 31, '2018-07-18', 1, 'Hadir', '2018-09-05 01:42:09'),
(33, 7, 19, 32, '2018-07-18', 1, 'Hadir', '2018-09-05 01:42:09'),
(34, 7, 19, 33, '2018-07-18', 1, 'Hadir', '2018-09-05 01:42:09'),
(35, 7, 19, 34, '2018-07-18', 1, 'Hadir', '2018-09-05 01:42:09'),
(36, 7, 19, 35, '2018-07-18', 1, 'Hadir', '2018-09-05 01:42:09'),
(37, 7, 19, 36, '2018-07-18', 1, 'Hadir', '2018-09-05 01:42:09'),
(38, 7, 19, 37, '2018-07-18', 1, 'Hadir', '2018-09-05 01:42:09'),
(39, 7, 19, 38, '2018-07-18', 1, 'Hadir', '2018-09-05 01:42:09'),
(40, 7, 19, 39, '2018-07-18', 1, 'Hadir', '2018-09-05 01:42:09'),
(41, 7, 19, 40, '2018-07-18', 1, 'Hadir', '2018-09-05 01:42:09'),
(42, 7, 19, 41, '2018-07-18', 1, 'Hadir', '2018-09-05 01:42:09'),
(43, 7, 19, 42, '2018-07-18', 1, 'Hadir', '2018-09-05 01:42:09'),
(44, 7, 19, 43, '2018-07-18', 1, 'Hadir', '2018-09-05 01:42:09'),
(45, 7, 19, 44, '2018-07-18', 1, 'Hadir', '2018-09-05 01:42:09'),
(46, 7, 19, 25, '2018-07-19', 1, 'Hadir', '2018-09-05 01:44:44'),
(47, 7, 19, 26, '2018-07-19', 1, 'Hadir', '2018-09-05 01:44:44'),
(48, 7, 19, 27, '2018-07-19', 1, 'Hadir', '2018-09-05 01:44:44'),
(49, 7, 19, 28, '2018-07-19', 1, 'Hadir', '2018-09-05 01:44:44'),
(50, 7, 19, 29, '2018-07-19', 1, 'Hadir', '2018-09-05 01:44:44'),
(51, 7, 19, 30, '2018-07-19', 1, 'Hadir', '2018-09-05 01:44:44'),
(52, 7, 19, 31, '2018-07-19', 1, 'Hadir', '2018-09-05 01:44:44'),
(53, 7, 19, 32, '2018-07-19', 1, 'Hadir', '2018-09-05 01:44:44'),
(54, 7, 19, 33, '2018-07-19', 1, 'Hadir', '2018-09-05 01:44:44'),
(55, 7, 19, 34, '2018-07-19', 1, 'Hadir', '2018-09-05 01:44:44'),
(56, 7, 19, 35, '2018-07-19', 1, 'Hadir', '2018-09-05 01:44:44'),
(57, 7, 19, 36, '2018-07-19', 1, 'Hadir', '2018-09-05 01:44:44'),
(58, 7, 19, 37, '2018-07-19', 1, 'Hadir', '2018-09-05 01:44:44'),
(59, 7, 19, 38, '2018-07-19', 1, 'Hadir', '2018-09-05 01:44:44'),
(60, 7, 19, 39, '2018-07-19', 1, 'Hadir', '2018-09-05 01:44:44'),
(61, 7, 19, 40, '2018-07-19', 1, 'Hadir', '2018-09-05 01:44:44'),
(62, 7, 19, 41, '2018-07-19', 1, 'Hadir', '2018-09-05 01:44:44'),
(63, 7, 19, 42, '2018-07-19', 1, 'Hadir', '2018-09-05 01:44:44'),
(64, 7, 19, 43, '2018-07-19', 1, 'Hadir', '2018-09-05 01:44:44'),
(65, 7, 19, 44, '2018-07-19', 1, 'Hadir', '2018-09-05 01:44:44'),
(86, 7, 19, 25, '2018-07-20', 1, 'Hadir', '2018-09-05 01:48:27'),
(87, 7, 19, 26, '2018-07-20', 1, 'Hadir', '2018-09-05 01:48:27'),
(88, 7, 19, 27, '2018-07-20', 1, 'Hadir', '2018-09-05 01:48:27'),
(89, 7, 19, 28, '2018-07-20', 1, 'Hadir', '2018-09-05 01:48:27'),
(90, 7, 19, 29, '2018-07-20', 1, 'Hadir', '2018-09-05 01:48:27'),
(91, 7, 19, 30, '2018-07-20', 1, 'Hadir', '2018-09-05 01:48:27'),
(92, 7, 19, 31, '2018-07-20', 1, 'Hadir', '2018-09-05 01:48:27'),
(93, 7, 19, 32, '2018-07-20', 1, 'Hadir', '2018-09-05 01:48:27'),
(94, 7, 19, 33, '2018-07-20', 1, 'Hadir', '2018-09-05 01:48:27'),
(95, 7, 19, 34, '2018-07-20', 1, 'Hadir', '2018-09-05 01:48:27'),
(96, 7, 19, 35, '2018-07-20', 1, 'Hadir', '2018-09-05 01:48:27'),
(97, 7, 19, 36, '2018-07-20', 1, 'Hadir', '2018-09-05 01:48:27'),
(98, 7, 19, 37, '2018-07-20', 1, 'Hadir', '2018-09-05 01:48:27'),
(99, 7, 19, 38, '2018-07-20', 1, 'Hadir', '2018-09-05 01:48:27'),
(100, 7, 19, 39, '2018-07-20', 1, 'Hadir', '2018-09-05 01:48:27'),
(101, 7, 19, 40, '2018-07-20', 1, 'Hadir', '2018-09-05 01:48:27'),
(102, 7, 19, 41, '2018-07-20', 1, 'Hadir', '2018-09-05 01:48:27'),
(103, 7, 19, 42, '2018-07-20', 1, 'Hadir', '2018-09-05 01:48:27'),
(104, 7, 19, 43, '2018-07-20', 1, 'Hadir', '2018-09-05 01:48:27'),
(105, 7, 19, 44, '2018-07-20', 1, 'Hadir', '2018-09-05 01:48:27'),
(106, 7, 19, 25, '2018-07-23', 1, 'Hadir', '2018-09-05 01:49:58'),
(107, 7, 19, 26, '2018-07-23', 1, 'Hadir', '2018-09-05 01:49:58'),
(108, 7, 19, 27, '2018-07-23', 1, 'Hadir', '2018-09-05 01:49:58'),
(109, 7, 19, 28, '2018-07-23', 1, 'Hadir', '2018-09-05 01:49:58'),
(110, 7, 19, 29, '2018-07-23', 1, 'Hadir', '2018-09-05 01:49:58'),
(111, 7, 19, 30, '2018-07-23', 1, 'Hadir', '2018-09-05 01:49:58'),
(112, 7, 19, 31, '2018-07-23', 1, 'Hadir', '2018-09-05 01:49:58'),
(113, 7, 19, 32, '2018-07-23', 1, 'Hadir', '2018-09-05 01:49:58'),
(114, 7, 19, 33, '2018-07-23', 1, 'Hadir', '2018-09-05 01:49:58'),
(115, 7, 19, 34, '2018-07-23', 0, 'Piket DIkantornya', '2018-09-05 01:49:58'),
(116, 7, 19, 35, '2018-07-23', 1, 'Hadir', '2018-09-05 01:49:58'),
(117, 7, 19, 36, '2018-07-23', 1, 'Hadir', '2018-09-05 01:49:58'),
(118, 7, 19, 37, '2018-07-23', 1, 'Hadir', '2018-09-05 01:49:58'),
(119, 7, 19, 38, '2018-07-23', 1, 'Hadir', '2018-09-05 01:49:58'),
(120, 7, 19, 39, '2018-07-23', 1, 'Hadir', '2018-09-05 01:49:58'),
(121, 7, 19, 40, '2018-07-23', 1, 'Hadir', '2018-09-05 01:49:58'),
(122, 7, 19, 41, '2018-07-23', 1, 'Hadir', '2018-09-05 01:49:58'),
(123, 7, 19, 42, '2018-07-23', 1, 'Hadir', '2018-09-05 01:49:58'),
(124, 7, 19, 43, '2018-07-23', 1, 'Hadir', '2018-09-05 01:49:58'),
(125, 7, 19, 44, '2018-07-23', 1, 'Hadir', '2018-09-05 01:49:58'),
(126, 7, 19, 25, '2018-07-24', 1, 'Hadir', '2018-09-05 01:52:29'),
(127, 7, 19, 26, '2018-07-24', 1, 'Hadir', '2018-09-05 01:52:29'),
(128, 7, 19, 27, '2018-07-24', 1, 'Hadir', '2018-09-05 01:52:29'),
(129, 7, 19, 28, '2018-07-24', 1, 'Hadir', '2018-09-05 01:52:29'),
(130, 7, 19, 29, '2018-07-24', 1, 'Hadir', '2018-09-05 01:52:29'),
(131, 7, 19, 30, '2018-07-24', 1, 'Hadir', '2018-09-05 01:52:29'),
(132, 7, 19, 31, '2018-07-24', 1, 'Hadir', '2018-09-05 01:52:29'),
(133, 7, 19, 32, '2018-07-24', 1, 'Hadir', '2018-09-05 01:52:29'),
(134, 7, 19, 33, '2018-07-24', 1, 'Hadir', '2018-09-05 01:52:29'),
(135, 7, 19, 34, '2018-07-24', 1, 'Hadir', '2018-09-05 01:52:29'),
(136, 7, 19, 35, '2018-07-24', 1, 'Hadir', '2018-09-05 01:52:29'),
(137, 7, 19, 36, '2018-07-24', 1, 'Hadir', '2018-09-05 01:52:29'),
(138, 7, 19, 37, '2018-07-24', 0, 'Ijin', '2018-09-05 01:52:29'),
(139, 7, 19, 38, '2018-07-24', 1, 'Hadir', '2018-09-05 01:52:29'),
(140, 7, 19, 39, '2018-07-24', 1, 'Hadir', '2018-09-05 01:52:29'),
(141, 7, 19, 40, '2018-07-24', 1, 'Hadir', '2018-09-05 01:52:29'),
(142, 7, 19, 41, '2018-07-24', 1, 'Hadir', '2018-09-05 01:52:29'),
(143, 7, 19, 42, '2018-07-24', 1, 'Hadir', '2018-09-05 01:52:29'),
(144, 7, 19, 43, '2018-07-24', 1, 'Hadir', '2018-09-05 01:52:29'),
(145, 7, 19, 44, '2018-07-24', 1, 'Hadir', '2018-09-05 01:52:29'),
(146, 7, 19, 25, '2018-07-25', 1, 'Hadir', '2018-09-05 01:53:43'),
(147, 7, 19, 26, '2018-07-25', 1, 'Hadir', '2018-09-05 01:53:43'),
(148, 7, 19, 27, '2018-07-25', 1, 'Hadir', '2018-09-05 01:53:43'),
(149, 7, 19, 28, '2018-07-25', 1, 'Hadir', '2018-09-05 01:53:43'),
(150, 7, 19, 29, '2018-07-25', 1, 'Hadir', '2018-09-05 01:53:43'),
(151, 7, 19, 30, '2018-07-25', 1, 'Hadir', '2018-09-05 01:53:43'),
(152, 7, 19, 31, '2018-07-25', 1, 'Hadir', '2018-09-05 01:53:43'),
(153, 7, 19, 32, '2018-07-25', 1, 'Hadir', '2018-09-05 01:53:43'),
(154, 7, 19, 33, '2018-07-25', 1, 'Hadir', '2018-09-05 01:53:43'),
(155, 7, 19, 34, '2018-07-25', 1, 'Hadir', '2018-09-05 01:53:43'),
(156, 7, 19, 35, '2018-07-25', 1, 'Hadir', '2018-09-05 01:53:43'),
(157, 7, 19, 36, '2018-07-25', 1, 'Hadir', '2018-09-05 01:53:43'),
(158, 7, 19, 37, '2018-07-25', 1, 'Hadir', '2018-09-05 01:53:43'),
(159, 7, 19, 38, '2018-07-25', 1, 'Hadir', '2018-09-05 01:53:43'),
(160, 7, 19, 39, '2018-07-25', 1, 'Hadir', '2018-09-05 01:53:43'),
(161, 7, 19, 40, '2018-07-25', 1, 'Hadir', '2018-09-05 01:53:43'),
(162, 7, 19, 41, '2018-07-25', 1, 'Hadir', '2018-09-05 01:53:43'),
(163, 7, 19, 42, '2018-07-25', 1, 'Hadir', '2018-09-05 01:53:43'),
(164, 7, 19, 43, '2018-07-25', 1, 'Hadir', '2018-09-05 01:53:43'),
(165, 7, 19, 44, '2018-07-25', 1, 'Hadir', '2018-09-05 01:53:43'),
(166, 7, 19, 25, '2018-07-26', 1, 'Hadir', '2018-09-05 01:55:43'),
(167, 7, 19, 26, '2018-07-26', 1, 'Hadir', '2018-09-05 01:55:43'),
(168, 7, 19, 27, '2018-07-26', 1, 'Hadir', '2018-09-05 01:55:43'),
(169, 7, 19, 28, '2018-07-26', 1, 'Hadir', '2018-09-05 01:55:43'),
(170, 7, 19, 29, '2018-07-26', 1, 'Hadir', '2018-09-05 01:55:43'),
(171, 7, 19, 30, '2018-07-26', 1, 'Hadir', '2018-09-05 01:55:43'),
(172, 7, 19, 31, '2018-07-26', 1, 'Hadir', '2018-09-05 01:55:43'),
(173, 7, 19, 32, '2018-07-26', 1, 'Hadir', '2018-09-05 01:55:43'),
(174, 7, 19, 33, '2018-07-26', 1, 'Hadir', '2018-09-05 01:55:43'),
(175, 7, 19, 34, '2018-07-26', 1, 'Hadir', '2018-09-05 01:55:43'),
(176, 7, 19, 35, '2018-07-26', 1, 'Hadir', '2018-09-05 01:55:43'),
(177, 7, 19, 36, '2018-07-26', 1, 'Hadir', '2018-09-05 01:55:43'),
(178, 7, 19, 37, '2018-07-26', 1, 'Hadir', '2018-09-05 01:55:43'),
(179, 7, 19, 38, '2018-07-26', 1, 'Hadir', '2018-09-05 01:55:43'),
(180, 7, 19, 39, '2018-07-26', 1, 'Hadir', '2018-09-05 01:55:43'),
(181, 7, 19, 40, '2018-07-26', 1, 'Hadir', '2018-09-05 01:55:43'),
(182, 7, 19, 41, '2018-07-26', 1, 'Hadir', '2018-09-05 01:55:43'),
(183, 7, 19, 42, '2018-07-26', 1, 'Hadir', '2018-09-05 01:55:43'),
(184, 7, 19, 43, '2018-07-26', 1, 'Hadir', '2018-09-05 01:55:43'),
(185, 7, 19, 44, '2018-07-26', 1, 'Hadir', '2018-09-05 01:55:43'),
(206, 7, 19, 25, '2018-07-27', 1, 'Hadir', '2018-09-05 01:58:57'),
(207, 7, 19, 26, '2018-07-27', 1, 'Hadir', '2018-09-05 01:58:57'),
(208, 7, 19, 27, '2018-07-27', 1, 'Hadir', '2018-09-05 01:58:57'),
(209, 7, 19, 28, '2018-07-27', 1, 'Hadir', '2018-09-05 01:58:57'),
(210, 7, 19, 29, '2018-07-27', 1, 'Hadir', '2018-09-05 01:58:57'),
(211, 7, 19, 30, '2018-07-27', 1, 'Hadir', '2018-09-05 01:58:57'),
(212, 7, 19, 31, '2018-07-27', 1, 'Hadir', '2018-09-05 01:58:57'),
(213, 7, 19, 32, '2018-07-27', 1, 'Hadir', '2018-09-05 01:58:57'),
(214, 7, 19, 33, '2018-07-27', 1, 'Hadir', '2018-09-05 01:58:57'),
(215, 7, 19, 34, '2018-07-27', 1, 'Hadir', '2018-09-05 01:58:57'),
(216, 7, 19, 35, '2018-07-27', 0, 'Dinas Luar', '2018-09-05 01:58:57'),
(217, 7, 19, 36, '2018-07-27', 1, 'Hadir', '2018-09-05 01:58:57'),
(218, 7, 19, 37, '2018-07-27', 1, 'Hadir', '2018-09-05 01:58:57'),
(219, 7, 19, 38, '2018-07-27', 0, 'Ijin Orang Tua Sakit', '2018-09-05 01:58:57'),
(220, 7, 19, 39, '2018-07-27', 1, 'Hadir', '2018-09-05 01:58:57'),
(221, 7, 19, 40, '2018-07-27', 1, 'Hadir', '2018-09-05 01:58:57'),
(222, 7, 19, 41, '2018-07-27', 1, 'Hadir', '2018-09-05 01:58:57'),
(223, 7, 19, 42, '2018-07-27', 1, 'Hadir', '2018-09-05 01:58:57'),
(224, 7, 19, 43, '2018-07-27', 1, 'Hadir', '2018-09-05 01:58:57'),
(225, 7, 19, 44, '2018-07-27', 1, 'Hadir', '2018-09-05 01:58:57'),
(226, 7, 19, 25, '2018-07-30', 1, 'Hadir', '2018-09-05 02:00:56'),
(227, 7, 19, 26, '2018-07-30', 1, 'Hadir', '2018-09-05 02:00:56'),
(228, 7, 19, 27, '2018-07-30', 1, 'Hadir', '2018-09-05 02:00:56'),
(229, 7, 19, 28, '2018-07-30', 1, 'Hadir', '2018-09-05 02:00:56'),
(230, 7, 19, 29, '2018-07-30', 1, 'Hadir', '2018-09-05 02:00:56'),
(231, 7, 19, 30, '2018-07-30', 1, 'Hadir', '2018-09-05 02:00:56'),
(232, 7, 19, 31, '2018-07-30', 1, 'Hadir', '2018-09-05 02:00:56'),
(233, 7, 19, 32, '2018-07-30', 0, 'Dinas Luar', '2018-09-05 02:00:56'),
(234, 7, 19, 33, '2018-07-30', 1, 'Hadir', '2018-09-05 02:00:56'),
(235, 7, 19, 34, '2018-07-30', 1, 'Hadir', '2018-09-05 02:00:56'),
(236, 7, 19, 35, '2018-07-30', 1, 'Hadir', '2018-09-05 02:00:56'),
(237, 7, 19, 36, '2018-07-30', 1, 'Hadir', '2018-09-05 02:00:56'),
(238, 7, 19, 37, '2018-07-30', 1, 'Hadir', '2018-09-05 02:00:56'),
(239, 7, 19, 38, '2018-07-30', 1, 'Hadir', '2018-09-05 02:00:56'),
(240, 7, 19, 39, '2018-07-30', 1, 'Hadir', '2018-09-05 02:00:56'),
(241, 7, 19, 40, '2018-07-30', 1, 'Hadir', '2018-09-05 02:00:56'),
(242, 7, 19, 41, '2018-07-30', 1, 'Hadir', '2018-09-05 02:00:56'),
(243, 7, 19, 42, '2018-07-30', 1, 'Hadir', '2018-09-05 02:00:56'),
(244, 7, 19, 43, '2018-07-30', 1, 'Hadir', '2018-09-05 02:00:56'),
(245, 7, 19, 44, '2018-07-30', 1, 'Hadir', '2018-09-05 02:00:56'),
(246, 7, 19, 25, '2018-07-31', 1, 'Hadir', '2018-09-05 02:04:10'),
(247, 7, 19, 26, '2018-07-31', 1, 'Hadir', '2018-09-05 02:04:10'),
(248, 7, 19, 27, '2018-07-31', 1, 'Hadir', '2018-09-05 02:04:10'),
(249, 7, 19, 28, '2018-07-31', 1, 'Hadir', '2018-09-05 02:04:10'),
(250, 7, 19, 29, '2018-07-31', 1, 'Hadir', '2018-09-05 02:04:10'),
(251, 7, 19, 30, '2018-07-31', 1, 'Hadir', '2018-09-05 02:04:10'),
(252, 7, 19, 31, '2018-07-31', 1, 'Hadir', '2018-09-05 02:04:10'),
(253, 7, 19, 32, '2018-07-31', 1, 'Hadir', '2018-09-05 02:04:10'),
(254, 7, 19, 33, '2018-07-31', 1, 'Hadir', '2018-09-05 02:04:10'),
(255, 7, 19, 34, '2018-07-31', 1, 'Hadir', '2018-09-05 02:04:10'),
(256, 7, 19, 35, '2018-07-31', 0, 'Dinas Luar', '2018-09-05 02:04:10'),
(257, 7, 19, 36, '2018-07-31', 1, 'Hadir', '2018-09-05 02:04:10'),
(258, 7, 19, 37, '2018-07-31', 1, 'Hadir', '2018-09-05 02:04:10'),
(259, 7, 19, 38, '2018-07-31', 1, 'Hadir', '2018-09-05 02:04:10'),
(260, 7, 19, 39, '2018-07-31', 1, 'Hadir', '2018-09-05 02:04:10'),
(261, 7, 19, 40, '2018-07-31', 1, 'Hadir', '2018-09-05 02:04:10'),
(262, 7, 19, 41, '2018-07-31', 1, 'Hadir', '2018-09-05 02:04:10'),
(263, 7, 19, 42, '2018-07-31', 1, 'Hadir', '2018-09-05 02:04:10'),
(264, 7, 19, 43, '2018-07-31', 1, 'Hadir', '2018-09-05 02:04:10'),
(265, 7, 19, 44, '2018-07-31', 1, 'Hadir', '2018-09-05 02:04:10'),
(266, 7, 19, 25, '2018-08-01', 0, 'Sakit', '2018-09-05 02:05:11'),
(267, 7, 19, 26, '2018-08-01', 1, 'Hadir', '2018-09-05 02:05:11'),
(268, 7, 19, 27, '2018-08-01', 1, 'Hadir', '2018-09-05 02:05:11'),
(269, 7, 19, 28, '2018-08-01', 1, 'Hadir', '2018-09-05 02:05:11'),
(270, 7, 19, 29, '2018-08-01', 1, 'Hadir', '2018-09-05 02:05:11'),
(271, 7, 19, 30, '2018-08-01', 1, 'Hadir', '2018-09-05 02:05:11'),
(272, 7, 19, 31, '2018-08-01', 1, 'Hadir', '2018-09-05 02:05:11'),
(273, 7, 19, 32, '2018-08-01', 1, 'Hadir', '2018-09-05 02:05:11'),
(274, 7, 19, 33, '2018-08-01', 1, 'Hadir', '2018-09-05 02:05:11'),
(275, 7, 19, 34, '2018-08-01', 1, 'Hadir', '2018-09-05 02:05:11'),
(276, 7, 19, 35, '2018-08-01', 1, 'Hadir', '2018-09-05 02:05:11'),
(277, 7, 19, 36, '2018-08-01', 1, 'Hadir', '2018-09-05 02:05:11'),
(278, 7, 19, 37, '2018-08-01', 1, 'Hadir', '2018-09-05 02:05:11'),
(279, 7, 19, 38, '2018-08-01', 1, 'Hadir', '2018-09-05 02:05:11'),
(280, 7, 19, 39, '2018-08-01', 1, 'Hadir', '2018-09-05 02:05:11'),
(281, 7, 19, 40, '2018-08-01', 1, 'Hadir', '2018-09-05 02:05:11'),
(282, 7, 19, 41, '2018-08-01', 1, 'Hadir', '2018-09-05 02:05:11'),
(283, 7, 19, 42, '2018-08-01', 1, 'Hadir', '2018-09-05 02:05:11'),
(284, 7, 19, 43, '2018-08-01', 1, 'Hadir', '2018-09-05 02:05:11'),
(285, 7, 19, 44, '2018-08-01', 1, 'Hadir', '2018-09-05 02:05:11'),
(286, 7, 19, 25, '2018-08-02', 1, 'Hadir', '2018-09-05 02:05:59'),
(287, 7, 19, 26, '2018-08-02', 1, 'Hadir', '2018-09-05 02:05:59'),
(288, 7, 19, 27, '2018-08-02', 1, 'Hadir', '2018-09-05 02:05:59'),
(289, 7, 19, 28, '2018-08-02', 1, 'Hadir', '2018-09-05 02:05:59'),
(290, 7, 19, 29, '2018-08-02', 1, 'Hadir', '2018-09-05 02:05:59'),
(291, 7, 19, 30, '2018-08-02', 1, 'Hadir', '2018-09-05 02:05:59'),
(292, 7, 19, 31, '2018-08-02', 1, 'Hadir', '2018-09-05 02:05:59'),
(293, 7, 19, 32, '2018-08-02', 1, 'Hadir', '2018-09-05 02:05:59'),
(294, 7, 19, 33, '2018-08-02', 1, 'Hadir', '2018-09-05 02:05:59'),
(295, 7, 19, 34, '2018-08-02', 1, 'Hadir', '2018-09-05 02:05:59'),
(296, 7, 19, 35, '2018-08-02', 1, 'Hadir', '2018-09-05 02:05:59'),
(297, 7, 19, 36, '2018-08-02', 1, 'Hadir', '2018-09-05 02:05:59'),
(298, 7, 19, 37, '2018-08-02', 1, 'Hadir', '2018-09-05 02:05:59'),
(299, 7, 19, 38, '2018-08-02', 1, 'Hadir', '2018-09-05 02:05:59'),
(300, 7, 19, 39, '2018-08-02', 1, 'Hadir', '2018-09-05 02:05:59'),
(301, 7, 19, 40, '2018-08-02', 1, 'Hadir', '2018-09-05 02:05:59'),
(302, 7, 19, 41, '2018-08-02', 1, 'Hadir', '2018-09-05 02:05:59'),
(303, 7, 19, 42, '2018-08-02', 1, 'Hadir', '2018-09-05 02:05:59'),
(304, 7, 19, 43, '2018-08-02', 1, 'Hadir', '2018-09-05 02:05:59'),
(305, 7, 19, 44, '2018-08-02', 1, 'Hadir', '2018-09-05 02:05:59'),
(306, 7, 19, 25, '2018-08-03', 1, 'Hadir', '2018-09-05 02:11:56'),
(307, 7, 19, 26, '2018-08-03', 1, 'Hadir', '2018-09-05 02:11:56'),
(308, 7, 19, 27, '2018-08-03', 0, 'Dinas Luar', '2018-09-05 02:11:56'),
(309, 7, 19, 28, '2018-08-03', 1, 'Hadir', '2018-09-05 02:11:56'),
(310, 7, 19, 29, '2018-08-03', 0, 'Dinas Luar', '2018-09-05 02:11:56'),
(311, 7, 19, 30, '2018-08-03', 0, 'Dinas Luar', '2018-09-05 02:11:57'),
(312, 7, 19, 31, '2018-08-03', 0, 'Ijin', '2018-09-05 02:11:57'),
(313, 7, 19, 32, '2018-08-03', 1, 'Hadir', '2018-09-05 02:11:57'),
(314, 7, 19, 33, '2018-08-03', 1, 'Hadir', '2018-09-05 02:11:57'),
(315, 7, 19, 34, '2018-08-03', 0, 'Dinas Luar', '2018-09-05 02:11:57'),
(316, 7, 19, 35, '2018-08-03', 0, 'Dinas Luar', '2018-09-05 02:11:57'),
(317, 7, 19, 36, '2018-08-03', 1, 'Hadir', '2018-09-05 02:11:57'),
(318, 7, 19, 37, '2018-08-03', 1, 'Hadir', '2018-09-05 02:11:57'),
(319, 7, 19, 38, '2018-08-03', 0, 'Dinas Luar', '2018-09-05 02:11:57'),
(320, 7, 19, 39, '2018-08-03', 1, 'Hadir', '2018-09-05 02:11:57'),
(321, 7, 19, 40, '2018-08-03', 0, 'Dinas Luar', '2018-09-05 02:11:57'),
(322, 7, 19, 41, '2018-08-03', 1, 'Hadir', '2018-09-05 02:11:57'),
(323, 7, 19, 42, '2018-08-03', 0, 'Dinas Luar', '2018-09-05 02:11:57'),
(324, 7, 19, 43, '2018-08-03', 1, 'Hadir', '2018-09-05 02:11:57'),
(325, 7, 19, 44, '2018-08-03', 0, 'Dinas Luar', '2018-09-05 02:11:57'),
(326, 7, 19, 25, '2018-08-06', 1, 'Hadir', '2018-09-05 02:41:54'),
(327, 7, 19, 26, '2018-08-06', 1, 'Hadir', '2018-09-05 02:41:54'),
(328, 7, 19, 27, '2018-08-06', 1, 'Hadir', '2018-09-05 02:41:54'),
(329, 7, 19, 28, '2018-08-06', 1, 'Hadir', '2018-09-05 02:41:54'),
(330, 7, 19, 29, '2018-08-06', 0, 'Sakit', '2018-09-05 02:41:54'),
(331, 7, 19, 30, '2018-08-06', 1, 'Hadir', '2018-09-05 02:41:54'),
(332, 7, 19, 31, '2018-08-06', 1, 'Hadir', '2018-09-05 02:41:54'),
(333, 7, 19, 32, '2018-08-06', 1, 'Hadir', '2018-09-05 02:41:54'),
(334, 7, 19, 33, '2018-08-06', 1, 'Hadir', '2018-09-05 02:41:54'),
(335, 7, 19, 34, '2018-08-06', 0, 'Sakit', '2018-09-05 02:41:54'),
(336, 7, 19, 35, '2018-08-06', 0, 'Sakit', '2018-09-05 02:41:54'),
(337, 7, 19, 36, '2018-08-06', 0, 'Ijin', '2018-09-05 02:41:54'),
(338, 7, 19, 37, '2018-08-06', 1, 'Hadir', '2018-09-05 02:41:54'),
(339, 7, 19, 38, '2018-08-06', 0, 'Sakit', '2018-09-05 02:41:54'),
(340, 7, 19, 39, '2018-08-06', 1, 'Hadir', '2018-09-05 02:41:54'),
(341, 7, 19, 40, '2018-08-06', 1, 'Hadir', '2018-09-05 02:41:54'),
(342, 7, 19, 41, '2018-08-06', 1, 'Hadir', '2018-09-05 02:41:54'),
(343, 7, 19, 42, '2018-08-06', 1, 'Hadir', '2018-09-05 02:41:54'),
(344, 7, 19, 43, '2018-08-06', 1, 'Hadir', '2018-09-05 02:41:54'),
(345, 7, 19, 44, '2018-08-06', 1, 'Hadir', '2018-09-05 02:41:54'),
(346, 7, 19, 25, '2018-08-07', 1, 'Hadir', '2018-09-05 02:42:47'),
(347, 7, 19, 26, '2018-08-07', 1, 'Hadir', '2018-09-05 02:42:47'),
(348, 7, 19, 27, '2018-08-07', 1, 'Hadir', '2018-09-05 02:42:47'),
(349, 7, 19, 28, '2018-08-07', 1, 'Hadir', '2018-09-05 02:42:47'),
(350, 7, 19, 29, '2018-08-07', 1, 'Hadir', '2018-09-05 02:42:47'),
(351, 7, 19, 30, '2018-08-07', 1, 'Hadir', '2018-09-05 02:42:47'),
(352, 7, 19, 31, '2018-08-07', 1, 'Hadir', '2018-09-05 02:42:47'),
(353, 7, 19, 32, '2018-08-07', 1, 'Hadir', '2018-09-05 02:42:47'),
(354, 7, 19, 33, '2018-08-07', 1, 'Hadir', '2018-09-05 02:42:47'),
(355, 7, 19, 34, '2018-08-07', 1, 'Hadir', '2018-09-05 02:42:47'),
(356, 7, 19, 35, '2018-08-07', 1, 'Hadir', '2018-09-05 02:42:47'),
(357, 7, 19, 36, '2018-08-07', 1, 'Hadir', '2018-09-05 02:42:47'),
(358, 7, 19, 37, '2018-08-07', 1, 'Hadir', '2018-09-05 02:42:47'),
(359, 7, 19, 38, '2018-08-07', 1, 'Hadir', '2018-09-05 02:42:47'),
(360, 7, 19, 39, '2018-08-07', 0, 'Ijin', '2018-09-05 02:42:47'),
(361, 7, 19, 40, '2018-08-07', 1, 'Hadir', '2018-09-05 02:42:47'),
(362, 7, 19, 41, '2018-08-07', 1, 'Hadir', '2018-09-05 02:42:47'),
(363, 7, 19, 42, '2018-08-07', 1, 'Hadir', '2018-09-05 02:42:47'),
(364, 7, 19, 43, '2018-08-07', 1, 'Hadir', '2018-09-05 02:42:47'),
(365, 7, 19, 44, '2018-08-07', 1, 'Hadir', '2018-09-05 02:42:47'),
(366, 7, 19, 25, '2018-08-08', 1, 'Hadir', '2018-09-05 02:43:33'),
(367, 7, 19, 26, '2018-08-08', 1, 'Hadir', '2018-09-05 02:43:33'),
(368, 7, 19, 27, '2018-08-08', 1, 'Hadir', '2018-09-05 02:43:33'),
(369, 7, 19, 28, '2018-08-08', 1, 'Hadir', '2018-09-05 02:43:33'),
(370, 7, 19, 29, '2018-08-08', 1, 'Hadir', '2018-09-05 02:43:33'),
(371, 7, 19, 30, '2018-08-08', 1, 'Hadir', '2018-09-05 02:43:33'),
(372, 7, 19, 31, '2018-08-08', 1, 'Hadir', '2018-09-05 02:43:33'),
(373, 7, 19, 32, '2018-08-08', 1, 'Hadir', '2018-09-05 02:43:33'),
(374, 7, 19, 33, '2018-08-08', 1, 'Hadir', '2018-09-05 02:43:33'),
(375, 7, 19, 34, '2018-08-08', 1, 'Hadir', '2018-09-05 02:43:33'),
(376, 7, 19, 35, '2018-08-08', 1, 'Hadir', '2018-09-05 02:43:33'),
(377, 7, 19, 36, '2018-08-08', 1, 'Hadir', '2018-09-05 02:43:33'),
(378, 7, 19, 37, '2018-08-08', 0, 'Sakit', '2018-09-05 02:43:33'),
(379, 7, 19, 38, '2018-08-08', 1, 'Hadir', '2018-09-05 02:43:33'),
(380, 7, 19, 39, '2018-08-08', 1, 'Hadir', '2018-09-05 02:43:33'),
(381, 7, 19, 40, '2018-08-08', 1, 'Hadir', '2018-09-05 02:43:33'),
(382, 7, 19, 41, '2018-08-08', 1, 'Hadir', '2018-09-05 02:43:33'),
(383, 7, 19, 42, '2018-08-08', 1, 'Hadir', '2018-09-05 02:43:33'),
(384, 7, 19, 43, '2018-08-08', 1, 'Hadir', '2018-09-05 02:43:33'),
(385, 7, 19, 44, '2018-08-08', 1, 'Hadir', '2018-09-05 02:43:33'),
(386, 7, 19, 25, '2018-08-09', 1, 'Hadir', '2018-09-05 02:44:28'),
(387, 7, 19, 26, '2018-08-09', 1, 'Hadir', '2018-09-05 02:44:28'),
(388, 7, 19, 27, '2018-08-09', 1, 'Hadir', '2018-09-05 02:44:28'),
(389, 7, 19, 28, '2018-08-09', 1, 'Hadir', '2018-09-05 02:44:28'),
(390, 7, 19, 29, '2018-08-09', 1, 'Hadir', '2018-09-05 02:44:28'),
(391, 7, 19, 30, '2018-08-09', 1, 'Hadir', '2018-09-05 02:44:28'),
(392, 7, 19, 31, '2018-08-09', 1, 'Hadir', '2018-09-05 02:44:28'),
(393, 7, 19, 32, '2018-08-09', 1, 'Hadir', '2018-09-05 02:44:28'),
(394, 7, 19, 33, '2018-08-09', 0, 'Ijin', '2018-09-05 02:44:28'),
(395, 7, 19, 34, '2018-08-09', 1, 'Hadir', '2018-09-05 02:44:28'),
(396, 7, 19, 35, '2018-08-09', 1, 'Hadir', '2018-09-05 02:44:28'),
(397, 7, 19, 36, '2018-08-09', 1, 'Hadir', '2018-09-05 02:44:28'),
(398, 7, 19, 37, '2018-08-09', 1, 'Hadir', '2018-09-05 02:44:28'),
(399, 7, 19, 38, '2018-08-09', 1, 'Hadir', '2018-09-05 02:44:28'),
(400, 7, 19, 39, '2018-08-09', 1, 'Hadir', '2018-09-05 02:44:28'),
(401, 7, 19, 40, '2018-08-09', 1, 'Hadir', '2018-09-05 02:44:28'),
(402, 7, 19, 41, '2018-08-09', 1, 'Hadir', '2018-09-05 02:44:28'),
(403, 7, 19, 42, '2018-08-09', 1, 'Hadir', '2018-09-05 02:44:28'),
(404, 7, 19, 43, '2018-08-09', 1, 'Hadir', '2018-09-05 02:44:28'),
(405, 7, 19, 44, '2018-08-09', 1, 'Hadir', '2018-09-05 02:44:28'),
(406, 7, 19, 25, '2018-08-10', 1, 'Hadir', '2018-09-05 02:45:27'),
(407, 7, 19, 26, '2018-08-10', 1, 'Hadir', '2018-09-05 02:45:27'),
(408, 7, 19, 27, '2018-08-10', 1, 'Hadir', '2018-09-05 02:45:27'),
(409, 7, 19, 28, '2018-08-10', 1, 'Hadir', '2018-09-05 02:45:27'),
(410, 7, 19, 29, '2018-08-10', 1, 'Hadir', '2018-09-05 02:45:27'),
(411, 7, 19, 30, '2018-08-10', 1, 'Hadir', '2018-09-05 02:45:27'),
(412, 7, 19, 31, '2018-08-10', 1, 'Hadir', '2018-09-05 02:45:27'),
(413, 7, 19, 32, '2018-08-10', 1, 'Hadir', '2018-09-05 02:45:27'),
(414, 7, 19, 33, '2018-08-10', 1, 'Hadir', '2018-09-05 02:45:27'),
(415, 7, 19, 34, '2018-08-10', 1, 'Hadir', '2018-09-05 02:45:27'),
(416, 7, 19, 35, '2018-08-10', 1, 'Hadir', '2018-09-05 02:45:27'),
(417, 7, 19, 36, '2018-08-10', 1, 'Hadir', '2018-09-05 02:45:27'),
(418, 7, 19, 37, '2018-08-10', 1, 'Hadir', '2018-09-05 02:45:27'),
(419, 7, 19, 38, '2018-08-10', 1, 'Hadir', '2018-09-05 02:45:27'),
(420, 7, 19, 39, '2018-08-10', 1, 'Hadir', '2018-09-05 02:45:27'),
(421, 7, 19, 40, '2018-08-10', 1, 'Hadir', '2018-09-05 02:45:27'),
(422, 7, 19, 41, '2018-08-10', 1, 'Hadir', '2018-09-05 02:45:27'),
(423, 7, 19, 42, '2018-08-10', 1, 'Hadir', '2018-09-05 02:45:27'),
(424, 7, 19, 43, '2018-08-10', 0, 'Ijin', '2018-09-05 02:45:27'),
(425, 7, 19, 44, '2018-08-10', 1, 'Hadir', '2018-09-05 02:45:27'),
(426, 7, 19, 25, '2018-08-13', 1, 'Hadir', '2018-09-05 02:47:46'),
(427, 7, 19, 26, '2018-08-13', 1, 'Hadir', '2018-09-05 02:47:46'),
(428, 7, 19, 27, '2018-08-13', 1, 'Hadir', '2018-09-05 02:47:46'),
(429, 7, 19, 28, '2018-08-13', 1, 'Hadir', '2018-09-05 02:47:46'),
(430, 7, 19, 29, '2018-08-13', 1, 'Hadir', '2018-09-05 02:47:46'),
(431, 7, 19, 30, '2018-08-13', 1, 'Hadir', '2018-09-05 02:47:46'),
(432, 7, 19, 31, '2018-08-13', 1, 'Hadir', '2018-09-05 02:47:46'),
(433, 7, 19, 32, '2018-08-13', 1, 'Hadir', '2018-09-05 02:47:46'),
(434, 7, 19, 33, '2018-08-13', 1, 'Hadir', '2018-09-05 02:47:46'),
(435, 7, 19, 34, '2018-08-13', 1, 'Hadir', '2018-09-05 02:47:46'),
(436, 7, 19, 35, '2018-08-13', 0, 'Ijin', '2018-09-05 02:47:46'),
(437, 7, 19, 36, '2018-08-13', 1, 'Hadir', '2018-09-05 02:47:46'),
(438, 7, 19, 37, '2018-08-13', 0, 'Ijin', '2018-09-05 02:47:46'),
(439, 7, 19, 38, '2018-08-13', 1, 'Hadir', '2018-09-05 02:47:46'),
(440, 7, 19, 39, '2018-08-13', 1, 'Hadir', '2018-09-05 02:47:46'),
(441, 7, 19, 40, '2018-08-13', 0, 'Dinas Luar', '2018-09-05 02:47:46'),
(442, 7, 19, 41, '2018-08-13', 1, 'Hadir', '2018-09-05 02:47:46'),
(443, 7, 19, 42, '2018-08-13', 0, 'Sakit', '2018-09-05 02:47:46'),
(444, 7, 19, 43, '2018-08-13', 1, 'Hadir', '2018-09-05 02:47:46'),
(445, 7, 19, 44, '2018-08-13', 0, 'Dinas Luar', '2018-09-05 02:47:46'),
(446, 7, 19, 25, '2018-08-14', 1, 'Hadir', '2018-09-05 02:48:20'),
(447, 7, 19, 26, '2018-08-14', 1, 'Hadir', '2018-09-05 02:48:20'),
(448, 7, 19, 27, '2018-08-14', 1, 'Hadir', '2018-09-05 02:48:20'),
(449, 7, 19, 28, '2018-08-14', 1, 'Hadir', '2018-09-05 02:48:20'),
(450, 7, 19, 29, '2018-08-14', 1, 'Hadir', '2018-09-05 02:48:20'),
(451, 7, 19, 30, '2018-08-14', 1, 'Hadir', '2018-09-05 02:48:20'),
(452, 7, 19, 31, '2018-08-14', 1, 'Hadir', '2018-09-05 02:48:20'),
(453, 7, 19, 32, '2018-08-14', 1, 'Hadir', '2018-09-05 02:48:20'),
(454, 7, 19, 33, '2018-08-14', 1, 'Hadir', '2018-09-05 02:48:20'),
(455, 7, 19, 34, '2018-08-14', 1, 'Hadir', '2018-09-05 02:48:20'),
(456, 7, 19, 35, '2018-08-14', 1, 'Hadir', '2018-09-05 02:48:20'),
(457, 7, 19, 36, '2018-08-14', 1, 'Hadir', '2018-09-05 02:48:20'),
(458, 7, 19, 37, '2018-08-14', 1, 'Hadir', '2018-09-05 02:48:20'),
(459, 7, 19, 38, '2018-08-14', 1, 'Hadir', '2018-09-05 02:48:20'),
(460, 7, 19, 39, '2018-08-14', 1, 'Hadir', '2018-09-05 02:48:20'),
(461, 7, 19, 40, '2018-08-14', 1, 'Hadir', '2018-09-05 02:48:20'),
(462, 7, 19, 41, '2018-08-14', 1, 'Hadir', '2018-09-05 02:48:20'),
(463, 7, 19, 42, '2018-08-14', 1, 'Hadir', '2018-09-05 02:48:20'),
(464, 7, 19, 43, '2018-08-14', 1, 'Hadir', '2018-09-05 02:48:20'),
(465, 7, 19, 44, '2018-08-14', 1, 'Hadir', '2018-09-05 02:48:20'),
(466, 7, 19, 25, '2018-08-15', 1, 'Hadir', '2018-09-05 02:49:02'),
(467, 7, 19, 26, '2018-08-15', 1, 'Hadir', '2018-09-05 02:49:03'),
(468, 7, 19, 27, '2018-08-15', 1, 'Hadir', '2018-09-05 02:49:03'),
(469, 7, 19, 28, '2018-08-15', 1, 'Hadir', '2018-09-05 02:49:03'),
(470, 7, 19, 29, '2018-08-15', 1, 'Hadir', '2018-09-05 02:49:03'),
(471, 7, 19, 30, '2018-08-15', 1, 'Hadir', '2018-09-05 02:49:03'),
(472, 7, 19, 31, '2018-08-15', 1, 'Hadir', '2018-09-05 02:49:03'),
(473, 7, 19, 32, '2018-08-15', 1, 'Hadir', '2018-09-05 02:49:03'),
(474, 7, 19, 33, '2018-08-15', 1, 'Hadir', '2018-09-05 02:49:03'),
(475, 7, 19, 34, '2018-08-15', 1, 'Hadir', '2018-09-05 02:49:03'),
(476, 7, 19, 35, '2018-08-15', 1, 'Hadir', '2018-09-05 02:49:03'),
(477, 7, 19, 36, '2018-08-15', 1, 'Hadir', '2018-09-05 02:49:03'),
(478, 7, 19, 37, '2018-08-15', 1, 'Hadir', '2018-09-05 02:49:03'),
(479, 7, 19, 38, '2018-08-15', 1, 'Hadir', '2018-09-05 02:49:03'),
(480, 7, 19, 39, '2018-08-15', 1, 'Hadir', '2018-09-05 02:49:03'),
(481, 7, 19, 40, '2018-08-15', 1, 'Hadir', '2018-09-05 02:49:03'),
(482, 7, 19, 41, '2018-08-15', 1, 'Hadir', '2018-09-05 02:49:03'),
(483, 7, 19, 42, '2018-08-15', 1, 'Hadir', '2018-09-05 02:49:03'),
(484, 7, 19, 43, '2018-08-15', 1, 'Hadir', '2018-09-05 02:49:03'),
(485, 7, 19, 44, '2018-08-15', 1, 'Hadir', '2018-09-05 02:49:03'),
(486, 7, 19, 25, '2018-08-16', 1, 'Hadir', '2018-09-05 02:50:07'),
(487, 7, 19, 26, '2018-08-16', 1, 'Hadir', '2018-09-05 02:50:08'),
(488, 7, 19, 27, '2018-08-16', 1, 'Hadir', '2018-09-05 02:50:08'),
(489, 7, 19, 28, '2018-08-16', 1, 'Hadir', '2018-09-05 02:50:08'),
(490, 7, 19, 29, '2018-08-16', 1, 'Hadir', '2018-09-05 02:50:08'),
(491, 7, 19, 30, '2018-08-16', 1, 'Hadir', '2018-09-05 02:50:08'),
(492, 7, 19, 31, '2018-08-16', 1, 'Hadir', '2018-09-05 02:50:08'),
(493, 7, 19, 32, '2018-08-16', 1, 'Hadir', '2018-09-05 02:50:08'),
(494, 7, 19, 33, '2018-08-16', 1, 'Hadir', '2018-09-05 02:50:08'),
(495, 7, 19, 34, '2018-08-16', 1, 'Hadir', '2018-09-05 02:50:08'),
(496, 7, 19, 35, '2018-08-16', 1, 'Hadir', '2018-09-05 02:50:08'),
(497, 7, 19, 36, '2018-08-16', 1, 'Hadir', '2018-09-05 02:50:08'),
(498, 7, 19, 37, '2018-08-16', 1, 'Hadir', '2018-09-05 02:50:08'),
(499, 7, 19, 38, '2018-08-16', 1, 'Hadir', '2018-09-05 02:50:08'),
(500, 7, 19, 39, '2018-08-16', 1, 'Hadir', '2018-09-05 02:50:08'),
(501, 7, 19, 40, '2018-08-16', 1, 'Hadir', '2018-09-05 02:50:08'),
(502, 7, 19, 41, '2018-08-16', 1, 'Hadir', '2018-09-05 02:50:08'),
(503, 7, 19, 42, '2018-08-16', 1, 'Hadir', '2018-09-05 02:50:08'),
(504, 7, 19, 43, '2018-08-16', 1, 'Hadir', '2018-09-05 02:50:08'),
(505, 7, 19, 44, '2018-08-16', 1, 'Hadir', '2018-09-05 02:50:08'),
(506, 7, 19, 25, '2018-08-20', 1, 'Hadir', '2018-09-05 02:51:35'),
(507, 7, 19, 26, '2018-08-20', 1, 'Hadir', '2018-09-05 02:51:35'),
(508, 7, 19, 27, '2018-08-20', 1, 'Hadir', '2018-09-05 02:51:35'),
(509, 7, 19, 28, '2018-08-20', 1, 'Hadir', '2018-09-05 02:51:35'),
(510, 7, 19, 29, '2018-08-20', 1, 'Hadir', '2018-09-05 02:51:35'),
(511, 7, 19, 30, '2018-08-20', 1, 'Hadir', '2018-09-05 02:51:35'),
(512, 7, 19, 31, '2018-08-20', 1, 'Hadir', '2018-09-05 02:51:35'),
(513, 7, 19, 32, '2018-08-20', 1, 'Hadir', '2018-09-05 02:51:35'),
(514, 7, 19, 33, '2018-08-20', 1, 'Hadir', '2018-09-05 02:51:35'),
(515, 7, 19, 34, '2018-08-20', 1, 'Hadir', '2018-09-05 02:51:35'),
(516, 7, 19, 35, '2018-08-20', 1, 'Hadir', '2018-09-05 02:51:35'),
(517, 7, 19, 36, '2018-08-20', 1, 'HadirHadir', '2018-09-05 02:51:35'),
(518, 7, 19, 37, '2018-08-20', 1, 'Hadir', '2018-09-05 02:51:35'),
(519, 7, 19, 38, '2018-08-20', 0, 'Ijin Orang Tua Sakit', '2018-09-05 02:51:35'),
(520, 7, 19, 39, '2018-08-20', 1, 'Hadir', '2018-09-05 02:51:35'),
(521, 7, 19, 40, '2018-08-20', 1, 'Hadir', '2018-09-05 02:51:35'),
(522, 7, 19, 41, '2018-08-20', 1, 'Hadir', '2018-09-05 02:51:35'),
(523, 7, 19, 42, '2018-08-20', 1, 'Hadir', '2018-09-05 02:51:35'),
(524, 7, 19, 43, '2018-08-20', 0, 'Sakit', '2018-09-05 02:51:35'),
(525, 7, 19, 44, '2018-08-20', 1, 'Hadir', '2018-09-05 02:51:35'),
(526, 7, 19, 25, '2018-08-21', 1, 'Hadir', '2018-09-05 02:52:15'),
(527, 7, 19, 26, '2018-08-21', 1, 'Hadir', '2018-09-05 02:52:15'),
(528, 7, 19, 27, '2018-08-21', 1, 'Hadir', '2018-09-05 02:52:15'),
(529, 7, 19, 28, '2018-08-21', 1, 'Hadir', '2018-09-05 02:52:15'),
(530, 7, 19, 29, '2018-08-21', 1, 'Hadir', '2018-09-05 02:52:15'),
(531, 7, 19, 30, '2018-08-21', 1, 'Hadir', '2018-09-05 02:52:15'),
(532, 7, 19, 31, '2018-08-21', 1, 'Hadir', '2018-09-05 02:52:15'),
(533, 7, 19, 32, '2018-08-21', 1, 'Hadir', '2018-09-05 02:52:15'),
(534, 7, 19, 33, '2018-08-21', 1, 'Hadir', '2018-09-05 02:52:15'),
(535, 7, 19, 34, '2018-08-21', 1, 'Hadir', '2018-09-05 02:52:15'),
(536, 7, 19, 35, '2018-08-21', 1, 'Hadir', '2018-09-05 02:52:15'),
(537, 7, 19, 36, '2018-08-21', 1, 'Hadir', '2018-09-05 02:52:15'),
(538, 7, 19, 37, '2018-08-21', 1, 'Hadir', '2018-09-05 02:52:15'),
(539, 7, 19, 38, '2018-08-21', 0, 'Ijin Orang Tua Sakit', '2018-09-05 02:52:15'),
(540, 7, 19, 39, '2018-08-21', 1, 'Hadir', '2018-09-05 02:52:15'),
(541, 7, 19, 40, '2018-08-21', 1, 'Hadir', '2018-09-05 02:52:15'),
(542, 7, 19, 41, '2018-08-21', 1, 'Hadir', '2018-09-05 02:52:15'),
(543, 7, 19, 42, '2018-08-21', 1, 'Hadir', '2018-09-05 02:52:15'),
(544, 7, 19, 43, '2018-08-21', 1, 'Hadir', '2018-09-05 02:52:15'),
(545, 7, 19, 44, '2018-08-21', 1, 'Hadir', '2018-09-05 02:52:15'),
(546, 7, 19, 25, '2018-08-23', 1, '', '2018-09-05 02:54:06'),
(547, 7, 19, 26, '2018-08-23', 1, '', '2018-09-05 02:54:06'),
(548, 7, 19, 27, '2018-08-23', 1, '', '2018-09-05 02:54:06'),
(549, 7, 19, 28, '2018-08-23', 0, 'Ijin', '2018-09-05 02:54:06'),
(550, 7, 19, 29, '2018-08-23', 0, 'Ijin', '2018-09-05 02:54:06'),
(551, 7, 19, 30, '2018-08-23', 1, '', '2018-09-05 02:54:06'),
(552, 7, 19, 31, '2018-08-23', 1, '', '2018-09-05 02:54:06'),
(553, 7, 19, 32, '2018-08-23', 1, '', '2018-09-05 02:54:06'),
(554, 7, 19, 33, '2018-08-23', 1, '', '2018-09-05 02:54:06'),
(555, 7, 19, 34, '2018-08-23', 0, 'Sakit', '2018-09-05 02:54:06'),
(556, 7, 19, 35, '2018-08-23', 1, '', '2018-09-05 02:54:06'),
(557, 7, 19, 36, '2018-08-23', 1, '', '2018-09-05 02:54:06'),
(558, 7, 19, 37, '2018-08-23', 1, '', '2018-09-05 02:54:06'),
(559, 7, 19, 38, '2018-08-23', 1, '', '2018-09-05 02:54:06'),
(560, 7, 19, 39, '2018-08-23', 1, '', '2018-09-05 02:54:06'),
(561, 7, 19, 40, '2018-08-23', 1, '', '2018-09-05 02:54:06'),
(562, 7, 19, 41, '2018-08-23', 1, '', '2018-09-05 02:54:06'),
(563, 7, 19, 42, '2018-08-23', 1, '', '2018-09-05 02:54:06'),
(564, 7, 19, 43, '2018-08-23', 1, '', '2018-09-05 02:54:06'),
(565, 7, 19, 44, '2018-08-23', 0, 'Ijin Anak Sakit', '2018-09-05 02:54:06'),
(566, 7, 19, 25, '2018-08-24', 1, '', '2018-09-05 02:55:34'),
(567, 7, 19, 26, '2018-08-24', 1, '', '2018-09-05 02:55:34'),
(568, 7, 19, 27, '2018-08-24', 1, '', '2018-09-05 02:55:34'),
(569, 7, 19, 28, '2018-08-24', 1, '', '2018-09-05 02:55:34'),
(570, 7, 19, 29, '2018-08-24', 1, '', '2018-09-05 02:55:34'),
(571, 7, 19, 30, '2018-08-24', 1, '', '2018-09-05 02:55:34'),
(572, 7, 19, 31, '2018-08-24', 1, '', '2018-09-05 02:55:34'),
(573, 7, 19, 32, '2018-08-24', 1, '', '2018-09-05 02:55:34'),
(574, 7, 19, 33, '2018-08-24', 1, '', '2018-09-05 02:55:34'),
(575, 7, 19, 34, '2018-08-24', 0, 'Ijin', '2018-09-05 02:55:34'),
(576, 7, 19, 35, '2018-08-24', 0, 'Ijin', '2018-09-05 02:55:34'),
(577, 7, 19, 36, '2018-08-24', 1, '', '2018-09-05 02:55:34'),
(578, 7, 19, 37, '2018-08-24', 0, 'Ijin', '2018-09-05 02:55:34'),
(579, 7, 19, 38, '2018-08-24', 1, '', '2018-09-05 02:55:34'),
(580, 7, 19, 39, '2018-08-24', 0, 'Ijin', '2018-09-05 02:55:34'),
(581, 7, 19, 40, '2018-08-24', 1, '', '2018-09-05 02:55:34'),
(582, 7, 19, 41, '2018-08-24', 1, '', '2018-09-05 02:55:34'),
(583, 7, 19, 42, '2018-08-24', 1, '', '2018-09-05 02:55:34'),
(584, 7, 19, 43, '2018-08-24', 1, '', '2018-09-05 02:55:34'),
(585, 7, 19, 44, '2018-08-24', 1, '', '2018-09-05 02:55:34'),
(586, 7, 19, 25, '2018-08-27', 1, '', '2018-09-05 02:56:15'),
(587, 7, 19, 26, '2018-08-27', 1, '', '2018-09-05 02:56:15'),
(588, 7, 19, 27, '2018-08-27', 1, '', '2018-09-05 02:56:15'),
(589, 7, 19, 28, '2018-08-27', 1, '', '2018-09-05 02:56:15'),
(590, 7, 19, 29, '2018-08-27', 1, '', '2018-09-05 02:56:15'),
(591, 7, 19, 30, '2018-08-27', 1, '', '2018-09-05 02:56:15'),
(592, 7, 19, 31, '2018-08-27', 1, '', '2018-09-05 02:56:15'),
(593, 7, 19, 32, '2018-08-27', 1, '', '2018-09-05 02:56:15'),
(594, 7, 19, 33, '2018-08-27', 1, '', '2018-09-05 02:56:15'),
(595, 7, 19, 34, '2018-08-27', 1, '', '2018-09-05 02:56:15'),
(596, 7, 19, 35, '2018-08-27', 1, '', '2018-09-05 02:56:15'),
(597, 7, 19, 36, '2018-08-27', 1, '', '2018-09-05 02:56:15'),
(598, 7, 19, 37, '2018-08-27', 1, '', '2018-09-05 02:56:15'),
(599, 7, 19, 38, '2018-08-27', 0, 'Ijin Orang Tua Sakit', '2018-09-05 02:56:15'),
(600, 7, 19, 39, '2018-08-27', 1, '', '2018-09-05 02:56:15'),
(601, 7, 19, 40, '2018-08-27', 1, '', '2018-09-05 02:56:15'),
(602, 7, 19, 41, '2018-08-27', 1, '', '2018-09-05 02:56:15'),
(603, 7, 19, 42, '2018-08-27', 1, '', '2018-09-05 02:56:15'),
(604, 7, 19, 43, '2018-08-27', 1, '', '2018-09-05 02:56:15'),
(605, 7, 19, 44, '2018-08-27', 1, '', '2018-09-05 02:56:15'),
(606, 7, 19, 25, '2018-08-28', 1, '', '2018-09-05 02:57:20'),
(607, 7, 19, 26, '2018-08-28', 1, '', '2018-09-05 02:57:20'),
(608, 7, 19, 27, '2018-08-28', 1, '', '2018-09-05 02:57:20'),
(609, 7, 19, 28, '2018-08-28', 1, '', '2018-09-05 02:57:20'),
(610, 7, 19, 29, '2018-08-28', 0, 'Ijin', '2018-09-05 02:57:20'),
(611, 7, 19, 30, '2018-08-28', 1, '', '2018-09-05 02:57:20'),
(612, 7, 19, 31, '2018-08-28', 1, '', '2018-09-05 02:57:20'),
(613, 7, 19, 32, '2018-08-28', 1, '', '2018-09-05 02:57:20'),
(614, 7, 19, 33, '2018-08-28', 1, '', '2018-09-05 02:57:20'),
(615, 7, 19, 34, '2018-08-28', 1, '', '2018-09-05 02:57:20'),
(616, 7, 19, 35, '2018-08-28', 1, '', '2018-09-05 02:57:20'),
(617, 7, 19, 36, '2018-08-28', 1, '', '2018-09-05 02:57:20'),
(618, 7, 19, 37, '2018-08-28', 1, '', '2018-09-05 02:57:20'),
(619, 7, 19, 38, '2018-08-28', 1, '', '2018-09-05 02:57:20'),
(620, 7, 19, 39, '2018-08-28', 1, '', '2018-09-05 02:57:20'),
(621, 7, 19, 40, '2018-08-28', 1, '', '2018-09-05 02:57:20'),
(622, 7, 19, 41, '2018-08-28', 1, '', '2018-09-05 02:57:20'),
(623, 7, 19, 42, '2018-08-28', 1, '', '2018-09-05 02:57:20'),
(624, 7, 19, 43, '2018-08-28', 1, '', '2018-09-05 02:57:20'),
(625, 7, 19, 44, '2018-08-28', 1, '', '2018-09-05 02:57:20'),
(626, 7, 19, 25, '2018-08-29', 1, '', '2018-09-05 02:58:32'),
(627, 7, 19, 26, '2018-08-29', 1, '', '2018-09-05 02:58:32'),
(628, 7, 19, 27, '2018-08-29', 0, 'Ijin', '2018-09-05 02:58:32'),
(629, 7, 19, 28, '2018-08-29', 1, '', '2018-09-05 02:58:32'),
(630, 7, 19, 29, '2018-08-29', 1, '', '2018-09-05 02:58:32'),
(631, 7, 19, 30, '2018-08-29', 1, '', '2018-09-05 02:58:32'),
(632, 7, 19, 31, '2018-08-29', 1, '', '2018-09-05 02:58:32'),
(633, 7, 19, 32, '2018-08-29', 1, '', '2018-09-05 02:58:32'),
(634, 7, 19, 33, '2018-08-29', 1, '', '2018-09-05 02:58:32'),
(635, 7, 19, 34, '2018-08-29', 1, '', '2018-09-05 02:58:32'),
(636, 7, 19, 35, '2018-08-29', 1, '', '2018-09-05 02:58:32'),
(637, 7, 19, 36, '2018-08-29', 1, '', '2018-09-05 02:58:32'),
(638, 7, 19, 37, '2018-08-29', 1, '', '2018-09-05 02:58:32'),
(639, 7, 19, 38, '2018-08-29', 1, '', '2018-09-05 02:58:32'),
(640, 7, 19, 39, '2018-08-29', 1, '', '2018-09-05 02:58:32'),
(641, 7, 19, 40, '2018-08-29', 1, '', '2018-09-05 02:58:32'),
(642, 7, 19, 41, '2018-08-29', 1, '', '2018-09-05 02:58:32'),
(643, 7, 19, 42, '2018-08-29', 1, '', '2018-09-05 02:58:32'),
(644, 7, 19, 43, '2018-08-29', 1, '', '2018-09-05 02:58:32'),
(645, 7, 19, 44, '2018-08-29', 1, '', '2018-09-05 02:58:32'),
(646, 7, 19, 25, '2018-08-30', 1, '', '2018-09-05 02:59:07'),
(647, 7, 19, 26, '2018-08-30', 1, '', '2018-09-05 02:59:07'),
(648, 7, 19, 27, '2018-08-30', 1, '', '2018-09-05 02:59:07'),
(649, 7, 19, 28, '2018-08-30', 1, '', '2018-09-05 02:59:07'),
(650, 7, 19, 29, '2018-08-30', 1, '', '2018-09-05 02:59:07'),
(651, 7, 19, 30, '2018-08-30', 1, '', '2018-09-05 02:59:07'),
(652, 7, 19, 31, '2018-08-30', 1, '', '2018-09-05 02:59:07'),
(653, 7, 19, 32, '2018-08-30', 1, '', '2018-09-05 02:59:07'),
(654, 7, 19, 33, '2018-08-30', 1, '', '2018-09-05 02:59:07'),
(655, 7, 19, 34, '2018-08-30', 1, '', '2018-09-05 02:59:07'),
(656, 7, 19, 35, '2018-08-30', 1, '', '2018-09-05 02:59:07'),
(657, 7, 19, 36, '2018-08-30', 1, '', '2018-09-05 02:59:07'),
(658, 7, 19, 37, '2018-08-30', 0, 'Ijin', '2018-09-05 02:59:07'),
(659, 7, 19, 38, '2018-08-30', 1, '', '2018-09-05 02:59:07'),
(660, 7, 19, 39, '2018-08-30', 1, '', '2018-09-05 02:59:07'),
(661, 7, 19, 40, '2018-08-30', 1, '', '2018-09-05 02:59:07'),
(662, 7, 19, 41, '2018-08-30', 1, '', '2018-09-05 02:59:07'),
(663, 7, 19, 42, '2018-08-30', 1, '', '2018-09-05 02:59:07'),
(664, 7, 19, 43, '2018-08-30', 1, '', '2018-09-05 02:59:07'),
(665, 7, 19, 44, '2018-08-30', 1, '', '2018-09-05 02:59:07'),
(666, 7, 19, 25, '2018-08-31', 1, '', '2018-09-05 03:00:36'),
(667, 7, 19, 26, '2018-08-31', 1, '', '2018-09-05 03:00:36'),
(668, 7, 19, 27, '2018-08-31', 1, '', '2018-09-05 03:00:36'),
(669, 7, 19, 28, '2018-08-31', 1, '', '2018-09-05 03:00:36'),
(670, 7, 19, 29, '2018-08-31', 1, '', '2018-09-05 03:00:36'),
(671, 7, 19, 30, '2018-08-31', 1, '', '2018-09-05 03:00:36'),
(672, 7, 19, 31, '2018-08-31', 1, '', '2018-09-05 03:00:36'),
(673, 7, 19, 32, '2018-08-31', 1, '', '2018-09-05 03:00:36'),
(674, 7, 19, 33, '2018-08-31', 1, '', '2018-09-05 03:00:36'),
(675, 7, 19, 34, '2018-08-31', 1, '', '2018-09-05 03:00:36'),
(676, 7, 19, 35, '2018-08-31', 1, '', '2018-09-05 03:00:36'),
(677, 7, 19, 36, '2018-08-31', 0, 'Ijin', '2018-09-05 03:00:36'),
(678, 7, 19, 37, '2018-08-31', 1, '', '2018-09-05 03:00:36'),
(679, 7, 19, 38, '2018-08-31', 0, 'Ijin Orang Tua Sakit', '2018-09-05 03:00:36'),
(680, 7, 19, 39, '2018-08-31', 0, 'Sakit', '2018-09-05 03:00:36'),
(681, 7, 19, 40, '2018-08-31', 1, '', '2018-09-05 03:00:36'),
(682, 7, 19, 41, '2018-08-31', 1, '', '2018-09-05 03:00:36'),
(683, 7, 19, 42, '2018-08-31', 1, '', '2018-09-05 03:00:36'),
(684, 7, 19, 43, '2018-08-31', 1, '', '2018-09-05 03:00:36'),
(685, 7, 19, 44, '2018-08-31', 0, 'Ijin', '2018-09-05 03:00:36'),
(686, 7, 19, 25, '2018-09-03', 1, '', '2018-09-05 03:01:59'),
(687, 7, 19, 26, '2018-09-03', 1, '', '2018-09-05 03:01:59'),
(688, 7, 19, 27, '2018-09-03', 1, '', '2018-09-05 03:01:59'),
(689, 7, 19, 28, '2018-09-03', 0, 'Ijin', '2018-09-05 03:01:59'),
(690, 7, 19, 29, '2018-09-03', 1, '', '2018-09-05 03:01:59'),
(691, 7, 19, 30, '2018-09-03', 0, 'Ijin', '2018-09-05 03:01:59'),
(692, 7, 19, 31, '2018-09-03', 1, '', '2018-09-05 03:01:59'),
(693, 7, 19, 32, '2018-09-03', 1, '', '2018-09-05 03:01:59'),
(694, 7, 19, 33, '2018-09-03', 1, '', '2018-09-05 03:01:59'),
(695, 7, 19, 34, '2018-09-03', 0, 'Ijin', '2018-09-05 03:01:59'),
(696, 7, 19, 35, '2018-09-03', 1, '', '2018-09-05 03:01:59'),
(697, 7, 19, 36, '2018-09-03', 1, '', '2018-09-05 03:01:59'),
(698, 7, 19, 37, '2018-09-03', 0, 'Ijin', '2018-09-05 03:01:59'),
(699, 7, 19, 38, '2018-09-03', 1, '', '2018-09-05 03:01:59'),
(700, 7, 19, 39, '2018-09-03', 1, '', '2018-09-05 03:01:59'),
(701, 7, 19, 40, '2018-09-03', 1, '', '2018-09-05 03:01:59'),
(702, 7, 19, 41, '2018-09-03', 1, '', '2018-09-05 03:01:59'),
(703, 7, 19, 42, '2018-09-03', 1, '', '2018-09-05 03:01:59'),
(704, 7, 19, 43, '2018-09-03', 1, '', '2018-09-05 03:01:59'),
(705, 7, 19, 44, '2018-09-03', 1, '', '2018-09-05 03:01:59'),
(706, 7, 19, 25, '2018-09-04', 1, '', '2018-09-05 03:02:52'),
(707, 7, 19, 26, '2018-09-04', 1, '', '2018-09-05 03:02:52'),
(708, 7, 19, 27, '2018-09-04', 1, '', '2018-09-05 03:02:52'),
(709, 7, 19, 28, '2018-09-04', 1, '', '2018-09-05 03:02:52'),
(710, 7, 19, 29, '2018-09-04', 0, 'Ijin', '2018-09-05 03:02:52'),
(711, 7, 19, 30, '2018-09-04', 1, '', '2018-09-05 03:02:52'),
(712, 7, 19, 31, '2018-09-04', 1, '', '2018-09-05 03:02:52'),
(713, 7, 19, 32, '2018-09-04', 1, '', '2018-09-05 03:02:52'),
(714, 7, 19, 33, '2018-09-04', 1, '', '2018-09-05 03:02:52'),
(715, 7, 19, 34, '2018-09-04', 1, '', '2018-09-05 03:02:52'),
(716, 7, 19, 35, '2018-09-04', 1, '', '2018-09-05 03:02:52'),
(717, 7, 19, 36, '2018-09-04', 1, '', '2018-09-05 03:02:52'),
(718, 7, 19, 37, '2018-09-04', 1, '', '2018-09-05 03:02:52'),
(719, 7, 19, 38, '2018-09-04', 1, '', '2018-09-05 03:02:52'),
(720, 7, 19, 39, '2018-09-04', 1, '', '2018-09-05 03:02:52'),
(721, 7, 19, 40, '2018-09-04', 1, '', '2018-09-05 03:02:52'),
(722, 7, 19, 41, '2018-09-04', 1, '', '2018-09-05 03:02:52'),
(723, 7, 19, 42, '2018-09-04', 1, '', '2018-09-05 03:02:52'),
(724, 7, 19, 43, '2018-09-04', 1, '', '2018-09-05 03:02:52'),
(725, 7, 19, 44, '2018-09-04', 1, '', '2018-09-05 03:02:52'),
(726, 7, 19, 25, '2018-09-05', 1, 'Hadir', '2018-09-05 03:04:37'),
(727, 7, 19, 26, '2018-09-05', 1, 'Hadir', '2018-09-05 03:04:37'),
(728, 7, 19, 27, '2018-09-05', 1, 'Hadir', '2018-09-05 03:04:37'),
(729, 7, 19, 28, '2018-09-05', 1, 'Hadir', '2018-09-05 03:04:37'),
(730, 7, 19, 29, '2018-09-05', 1, 'Hadir', '2018-09-05 03:04:37'),
(731, 7, 19, 30, '2018-09-05', 1, 'Hadir', '2018-09-05 03:04:37'),
(732, 7, 19, 31, '2018-09-05', 1, 'Hadir', '2018-09-05 03:04:37'),
(733, 7, 19, 32, '2018-09-05', 1, 'Hadir', '2018-09-05 03:04:37'),
(734, 7, 19, 33, '2018-09-05', 0, 'Ijin', '2018-09-05 03:04:37'),
(735, 7, 19, 34, '2018-09-05', 1, 'Hadir', '2018-09-05 03:04:37'),
(736, 7, 19, 35, '2018-09-05', 1, 'Hadir', '2018-09-05 03:04:37'),
(737, 7, 19, 36, '2018-09-05', 1, 'Hadir', '2018-09-05 03:04:37'),
(738, 7, 19, 37, '2018-09-05', 1, 'Hadir', '2018-09-05 03:04:37'),
(739, 7, 19, 38, '2018-09-05', 1, 'Hadir', '2018-09-05 03:04:37'),
(740, 7, 19, 39, '2018-09-05', 1, 'Hadir', '2018-09-05 03:04:37'),
(741, 7, 19, 40, '2018-09-05', 1, 'Hadir', '2018-09-05 03:04:37'),
(742, 7, 19, 41, '2018-09-05', 1, 'Hadir', '2018-09-05 03:04:37'),
(743, 7, 19, 42, '2018-09-05', 1, 'Hadir', '2018-09-05 03:04:37'),
(744, 7, 19, 43, '2018-09-05', 1, 'Hadir', '2018-09-05 03:04:37'),
(745, 7, 19, 44, '2018-09-05', 1, 'Hadir', '2018-09-05 03:04:37'),
(746, 7, 19, 25, '2018-09-06', 1, 'Hadir', '2018-09-06 01:33:55'),
(747, 7, 19, 26, '2018-09-06', 1, 'Hadir', '2018-09-06 01:33:55'),
(748, 7, 19, 27, '2018-09-06', 1, 'Hadir', '2018-09-06 01:33:55'),
(749, 7, 19, 28, '2018-09-06', 1, 'Hadir', '2018-09-06 01:33:55'),
(750, 7, 19, 29, '2018-09-06', 1, 'Hadir', '2018-09-06 01:33:55'),
(751, 7, 19, 30, '2018-09-06', 0, 'Sakit', '2018-09-06 01:33:55'),
(752, 7, 19, 31, '2018-09-06', 1, 'Hadir', '2018-09-06 01:33:55'),
(753, 7, 19, 32, '2018-09-06', 1, 'Hadir', '2018-09-06 01:33:55'),
(754, 7, 19, 33, '2018-09-06', 1, 'Hadir', '2018-09-06 01:33:55'),
(755, 7, 19, 34, '2018-09-06', 1, 'Hadir', '2018-09-06 01:33:55'),
(756, 7, 19, 35, '2018-09-06', 1, 'Hadir', '2018-09-06 01:33:55'),
(757, 7, 19, 36, '2018-09-06', 1, 'Hadir', '2018-09-06 01:33:55'),
(758, 7, 19, 37, '2018-09-06', 1, 'Hadir', '2018-09-06 01:33:55'),
(759, 7, 19, 38, '2018-09-06', 1, 'Hadir', '2018-09-06 01:33:55'),
(760, 7, 19, 39, '2018-09-06', 1, 'Hadir', '2018-09-06 01:33:55'),
(761, 7, 19, 40, '2018-09-06', 1, 'Hadir', '2018-09-06 01:33:55'),
(762, 7, 19, 41, '2018-09-06', 1, 'Hadir', '2018-09-06 01:33:55'),
(763, 7, 19, 42, '2018-09-06', 1, 'Hadir', '2018-09-06 01:33:55'),
(764, 7, 19, 43, '2018-09-06', 1, 'Hadir', '2018-09-06 01:33:55'),
(765, 7, 19, 44, '2018-09-06', 1, 'Hadir', '2018-09-06 01:33:55'),
(766, 7, 19, 25, '2018-09-13', 1, '', '2018-09-13 01:49:03'),
(767, 7, 19, 26, '2018-09-13', 0, 'SAKIT', '2018-09-13 01:49:03'),
(770, 7, 19, 27, '2018-09-13', 1, '', '2018-09-13 01:50:07'),
(771, 7, 19, 28, '2018-09-13', 1, '', '2018-09-13 01:50:07'),
(772, 7, 19, 29, '2018-09-13', 1, '', '2018-09-13 01:50:07'),
(773, 7, 19, 30, '2018-09-13', 1, '', '2018-09-13 01:50:07'),
(774, 7, 19, 31, '2018-09-13', 1, '', '2018-09-13 01:50:07'),
(775, 7, 19, 32, '2018-09-13', 1, '', '2018-09-13 01:50:07'),
(776, 7, 19, 33, '2018-09-13', 1, '', '2018-09-13 01:50:07'),
(777, 7, 19, 34, '2018-09-13', 1, '', '2018-09-13 01:50:07'),
(778, 7, 19, 35, '2018-09-13', 1, '', '2018-09-13 01:50:07'),
(779, 7, 19, 36, '2018-09-13', 1, '', '2018-09-13 01:50:07'),
(780, 7, 19, 37, '2018-09-13', 1, '', '2018-09-13 01:50:07'),
(781, 7, 19, 38, '2018-09-13', 1, '', '2018-09-13 01:50:07'),
(782, 7, 19, 39, '2018-09-13', 1, '', '2018-09-13 01:50:07'),
(783, 7, 19, 40, '2018-09-13', 1, '', '2018-09-13 01:50:07'),
(784, 7, 19, 41, '2018-09-13', 1, '', '2018-09-13 01:50:07'),
(785, 7, 19, 42, '2018-09-13', 1, '', '2018-09-13 01:50:07'),
(786, 7, 19, 43, '2018-09-13', 1, '', '2018-09-13 01:50:07'),
(787, 7, 19, 44, '2018-09-13', 1, '', '2018-09-13 01:50:07');

-- --------------------------------------------------------

--
-- Table structure for table `demo_enquiry`
--

CREATE TABLE `demo_enquiry` (
  `demo_id` int(11) NOT NULL,
  `name` varchar(100) CHARACTER SET utf8 NOT NULL,
  `email` varchar(100) CHARACTER SET utf8 NOT NULL,
  `phone` varchar(100) CHARACTER SET utf8 NOT NULL,
  `subject` varchar(100) CHARACTER SET utf8 NOT NULL,
  `message` varchar(100) CHARACTER SET utf8 NOT NULL,
  `on_date` timestamp NOT NULL DEFAULT CURRENT_TIMESTAMP
) ENGINE=InnoDB DEFAULT CHARSET=latin1;

--
-- Dumping data for table `demo_enquiry`
--

INSERT INTO `demo_enquiry` (`demo_id`, `name`, `email`, `phone`, `subject`, `message`, `on_date`) VALUES
(1, 'nirav', 'test@gmail.com', '9825858585', 'test', 'test', '2016-04-30 14:02:52');

-- --------------------------------------------------------

--
-- Table structure for table `event`
--

CREATE TABLE `event` (
  `event_id` int(11) NOT NULL,
  `school_id` int(11) NOT NULL,
  `event_title` varchar(100) CHARACTER SET utf8 NOT NULL,
  `event_description` longtext CHARACTER SET utf8 NOT NULL,
  `event_image` varchar(100) CHARACTER SET utf8 NOT NULL,
  `event_start` date NOT NULL,
  `event_end` date NOT NULL,
  `event_status` int(11) NOT NULL,
  `on_date` timestamp NOT NULL DEFAULT CURRENT_TIMESTAMP,
  `teacher_id` int(11) NOT NULL,
  `teacher` varchar(250) NOT NULL,
  `file_attachment` varchar(250) NOT NULL
) ENGINE=InnoDB DEFAULT CHARSET=latin1;

--
-- Dumping data for table `event`
--

INSERT INTO `event` (`event_id`, `school_id`, `event_title`, `event_description`, `event_image`, `event_start`, `event_end`, `event_status`, `on_date`, `teacher_id`, `teacher`, `file_attachment`) VALUES
(4, 8, 'fairwell party', 'we organize annual function and fair well party for detained student . so please come to our school and attain all program.', '', '2016-04-20', '2016-04-21', 1, '2016-04-13 05:00:09', 0, '', ''),
(5, 8, 'test', 'test event', '', '2016-04-20', '2016-04-23', 1, '2016-04-13 05:00:26', 0, '', ''),
(11, 8, 'test today event', 'test today event', '', '2016-04-24', '2016-04-24', 1, '2016-04-24 11:32:03', 0, '', ''),
(12, 8, 'test today  and tommoro', 'teoday and tomorrow', '', '2016-04-24', '2016-04-26', 1, '2016-04-24 11:38:37', 0, '', ''),
(15, 16, 'Introduction', 'Notasi musik', '', '2018-08-16', '2018-08-16', 1, '2018-08-16 02:45:32', 0, '', ''),
(16, 16, 'Pengenalan Assemble', 'Pengenalan Assemble', '', '2018-08-19', '2018-08-20', 1, '2018-08-16 02:46:34', 0, '', ''),
(40, 7, 'Introduction', 'etetets', 'ab2a848d-f82e-4e88-8fcb-2500b423eeb02.png', '2011-11-11', '2011-11-11', 1, '2018-08-29 03:12:35', 1, 'Fandeka Aghfirlana', 'oop3.txt'),
(41, 7, 'Pengenalan Andorid', 'Mengenal Android', 'Android-Security-Bug-Found-Hackers-Gain-System-Access.png', '2018-07-18', '2018-07-18', 1, '2018-08-29 04:14:38', 1, 'Fandeka Aghfirlana', 'Pengenalan_Android.pdf'),
(42, 7, 'Tool Android Studio', 'Mengenal Tool Android Studio', 'android-studio.png', '2018-07-19', '2018-07-20', 1, '2018-08-29 04:17:33', 1, 'Fandeka Aghfirlana', 'Tool_Android_Studio1.pptx'),
(43, 7, 'Mengenal Komponent-komponent', 'Mengenal Komponent-komponent', 'android-internet-of-things.png', '2018-07-20', '2018-07-20', 1, '2018-08-29 04:21:19', 1, 'Fandeka Aghfirlana', 'Android_Component2.pptx'),
(44, 7, 'Menampilkan Image', 'Menampilkan Image', 'Mobile-App-development.jpg', '2018-07-23', '2018-07-23', 1, '2018-08-29 04:22:36', 1, 'Fandeka Aghfirlana', 'Menampilkan_Image.pptx'),
(45, 7, 'Warna, Popup, Toast, Action Button', 'Warna, Popup, Toast, Action Button', '08344c92a362b35f0d6e92c5992771c5.jpg', '2018-07-23', '2018-07-23', 1, '2018-08-29 04:24:35', 1, 'Fandeka Aghfirlana', 'Warna,_Popup,_Toast,_Action_Button.pptx'),
(46, 7, 'Latihan dengan Component', 'Latihan dengan Component', 'f4fb93ad444ed73a663beaae753340be_Components-of-Android1-863-430-c4.jpg', '2018-07-24', '2018-07-24', 1, '2018-08-29 04:31:14', 1, 'Fandeka Aghfirlana', 'Design'),
(47, 7, 'Desain Layout Linear Layout', 'Desain Layout Linear Layout, Relative Layout dan Frame Layout', '468246-how-enterprise-app-stores-work.jpg', '2018-07-25', '2018-07-26', 1, '2018-08-29 04:36:44', 1, 'Fandeka Aghfirlana', 'Untitled_presentation.pptx'),
(48, 7, 'Latihan dengan Desain', 'Latihan dengan Desain', 'hero_image_studio_2-2.png', '2018-07-26', '2018-07-26', 1, '2018-08-30 00:49:29', 1, 'Fandeka Aghfirlana', 'design.txt'),
(49, 7, 'Navigasi Halaman dengan Intent', 'Navigasi Halaman dengan Intent', 'tampilanutamaandroidstudio.jpg', '2018-07-27', '2018-07-27', 1, '2018-08-30 00:55:14', 1, 'Fandeka Aghfirlana', 'Navigasi_Halaman_dengan_Intent.pptx'),
(50, 7, 'Activity Lifecycle/Siklus Aplikasi', 'Activity Lifecycle/Siklus Aplikasi', 'maxresdefault_(1).jpg', '2018-07-27', '2018-07-28', 1, '2018-08-30 00:58:22', 1, 'Fandeka Aghfirlana', 'Siklus_Aplikasi.pptx'),
(51, 7, 'Constant & Variable', 'Constant & Variable', '5.png', '2018-07-31', '2018-08-02', 1, '2018-08-30 01:06:52', 1, 'Fandeka Aghfirlana', 'Constant___Variable.pptx'),
(52, 7, 'If Else Argument', 'If Else Argument', '21247187------1.jpg', '2018-07-31', '2018-08-02', 1, '2018-08-30 04:43:48', 1, 'Fandeka Aghfirlana', 'If_Then_Else_Argument.pptx'),
(53, 7, 'Logging & Debugging', 'Logging & Debugging', 'logintutorial_10.png', '2018-08-03', '2018-08-03', 1, '2018-08-30 04:46:25', 1, 'Fandeka Aghfirlana', 'Logging_dan_Debuging.pptx'),
(54, 7, 'Operator & String', 'Operator & String', 'operator_matematika.JPG', '2018-08-06', '2018-08-06', 1, '2018-08-30 04:48:06', 1, 'Fandeka Aghfirlana', 'Operator_dan_String.pptx'),
(55, 7, 'Latihan Hitung Luas & Lingkaran', 'Latihan Hitung Luas & Lingkaran', 'maxresdefault_(2)1.jpg', '2018-08-07', '2018-08-07', 1, '2018-08-30 04:53:00', 1, 'Fandeka Aghfirlana', 'maxresdefault_(2)2.jpg'),
(56, 7, 'OOP Property', 'OOP Property', 'android_studio_start_new_project_1.png', '2018-08-08', '2018-08-13', 1, '2018-08-30 04:57:40', 1, 'Fandeka Aghfirlana', 'OOP_Property.pptx'),
(57, 7, 'OOP Generic Colection List', 'OOP Generic Colection List', 'ext.jpg', '2018-08-14', '2018-08-15', 1, '2018-08-30 05:01:16', 1, 'Fandeka Aghfirlana', 'OOP_Generic_Collection_List.pptx'),
(58, 7, 'Latihan OOP & Quiz', 'Latihan OOP & Quiz', 'oop-petanikode.png', '2018-08-15', '2018-08-15', 1, '2018-08-31 00:40:10', 1, 'Fandeka Aghfirlana', 'oop.zip'),
(59, 7, 'Slide Menu Navigation View Drawer', 'Slide Menu Navigation View Drawer', 'hqdefault.jpg', '2018-08-16', '2018-08-16', 1, '2018-08-31 00:43:57', 1, 'Fandeka Aghfirlana', 'SlideMenu_NavigationViewDrawer.pptx'),
(60, 7, 'Mengenal Fragment, Konsep, Siklus', 'Mengenal Fragment, Konsep, Siklus', '687474703a2f2f646576656c6f7065722e616e64726f69642e636f6d2f696d616765732f66756e64616d656e74616c732f66', '2018-08-16', '2018-08-20', 1, '2018-08-31 00:45:57', 1, 'Fandeka Aghfirlana', 'SlideMenu_NavigationViewDrawer1.pptx'),
(61, 7, 'RecycleView vs ListView', 'RecycleView vs ListView', 'Picture1.png', '2018-08-21', '2018-08-21', 1, '2018-08-31 00:51:10', 1, 'Fandeka Aghfirlana', 'RecycleView_vs_ListView.pptx'),
(62, 7, 'AsyncTask', 'AsyncTask', 'Picture2.png', '2018-08-23', '2018-08-24', 1, '2018-08-31 00:53:10', 1, 'Fandeka Aghfirlana', 'AsyncTask.pptx'),
(63, 7, 'Menggunakan Library Populer dan Implementasi JSON & GSON', 'Menggunakan Library Populer dan Implementasi JSON & GSON', 'Picture3.png', '2018-08-27', '2018-08-29', 1, '2018-08-31 00:56:43', 1, 'Fandeka Aghfirlana', 'Menggunakan_Library_Populer_dan_Implementasi.pptx'),
(64, 7, 'Retrovit Library & Picasso Library', 'Retrovit Library & Picasso Library', '1_kF-kwIE5wfbu4a9yXH5AEA.png', '2018-08-30', '2018-08-30', 1, '2018-08-31 01:09:10', 1, 'Fandeka Aghfirlana', 'Menggunakan_Library_Populer_dan_Implementasi1.pptx'),
(65, 7, 'Simpan Data Preferences & konsep Font awesome, slidemenu library', 'Simpan Data Preferences & konsep Font awesome, slidemenu library', 'Picture12.png', '2018-08-31', '2018-08-31', 1, '2018-08-31 01:12:02', 1, 'Fandeka Aghfirlana', 'Simpan_Data_Preferences_konsep_Font_awesome,_slidemenu_library.pptx'),
(66, 7, 'Workshop Membuat Aplikasi', 'Workshop Membuat Aplikasi', 'app-android1.jpg', '2018-09-03', '2018-09-12', 1, '2018-08-31 01:23:14', 1, 'Fandeka Aghfirlana', 'Pengenalan_Android1.pdf');

-- --------------------------------------------------------

--
-- Table structure for table `exam`
--

CREATE TABLE `exam` (
  `exam_id` int(11) NOT NULL,
  `school_id` int(11) NOT NULL,
  `exam_title` varchar(50) CHARACTER SET utf8 NOT NULL,
  `exam_note` varchar(100) CHARACTER SET utf8 NOT NULL,
  `exam_status` int(11) NOT NULL,
  `exam_standard` int(11) NOT NULL,
  `exam_date` date NOT NULL,
  `on_date` timestamp NOT NULL DEFAULT CURRENT_TIMESTAMP
) ENGINE=InnoDB DEFAULT CHARSET=latin1;

--
-- Dumping data for table `exam`
--

INSERT INTO `exam` (`exam_id`, `school_id`, `exam_title`, `exam_note`, `exam_status`, `exam_standard`, `exam_date`, `on_date`) VALUES
(1, 8, 'monthaly test', 'monthaly test', 0, 9, '2016-01-12', '2016-04-15 06:13:37'),
(2, 8, 'english test', 'english test', 0, 8, '2016-04-13', '2016-04-15 06:16:14'),
(3, 7, 'monthaly test', 'we can held this exam on next month', 0, 13, '2016-05-12', '2016-04-15 06:22:40'),
(4, 7, 'math test', 'this test held on any time and any date because this is test exam in surprice test', 0, 3, '2016-12-12', '2016-04-15 06:24:38'),
(5, 7, 'test exam', 'test exam', 0, 3, '2016-04-23', '2016-04-15 06:30:46'),
(6, 7, 'first test', 'first test for h.k.g in sayona school.', 0, 14, '2012-02-12', '2016-04-15 08:23:58'),
(7, 7, 'second test', 'second test for h.k.g in sayona school', 0, 1, '2012-12-12', '2016-04-15 10:29:35'),
(8, 7, 'OOP', 'Membuat OPP dengan Android Studio', 0, 19, '2018-08-15', '2018-08-17 05:00:39'),
(9, 7, 'Desain', 'Desain', 0, 19, '2018-08-06', '2018-08-27 03:31:49'),
(10, 7, 'Membuat Alogaritma', 'Membuat Alogaritma membuat Indomi\r\nMembuat Alogaritma menghitung lingkaran', 0, 19, '2018-09-04', '2018-09-05 01:53:07');

-- --------------------------------------------------------

--
-- Table structure for table `exam_result`
--

CREATE TABLE `exam_result` (
  `exam_result_id` int(11) NOT NULL,
  `exam_id` int(11) NOT NULL,
  `student_id` int(11) NOT NULL,
  `subject` varchar(100) CHARACTER SET utf8 NOT NULL,
  `mark_obtain` varchar(100) CHARACTER SET utf8 NOT NULL,
  `total_mark` varchar(100) CHARACTER SET utf8 NOT NULL,
  `on_date` timestamp NOT NULL DEFAULT CURRENT_TIMESTAMP
) ENGINE=InnoDB DEFAULT CHARSET=latin1;

--
-- Dumping data for table `exam_result`
--

INSERT INTO `exam_result` (`exam_result_id`, `exam_id`, `student_id`, `subject`, `mark_obtain`, `total_mark`, `on_date`) VALUES
(1, 6, 9, 'gujarati', '23', '50', '2016-04-15 09:21:06'),
(2, 6, 13, 'gujarati', '26', '50', '2016-04-15 09:22:32'),
(3, 6, 13, 'hindi', '27', '50', '2016-04-15 09:25:11'),
(10, 6, 9, 'hindi', '25', '50', '2016-04-15 09:46:29'),
(11, 2, 1, 'gujarati', '36', '50', '2016-04-15 10:31:10'),
(12, 2, 2, 'gujarati', '23', '50', '2016-04-15 10:31:23'),
(13, 2, 3, 'gujarati', '23', '50', '2016-04-15 10:31:56'),
(15, 8, 22, 'test', '40', '50', '2018-08-17 05:08:18'),
(16, 8, 22, 'test', '40', '50', '2018-08-17 05:08:42'),
(17, 8, 25, 'Android', '80', '80', '2018-09-13 00:57:31'),
(18, 8, 26, 'Android', '80', '80', '2018-09-13 00:57:40'),
(19, 8, 27, 'Android', '80', '80', '2018-09-13 00:57:50'),
(20, 8, 28, 'Android', '70', '70', '2018-09-13 00:58:13'),
(21, 8, 29, 'Android', '80', '70', '2018-09-13 01:03:23'),
(22, 8, 30, 'Android', '80', '70', '2018-09-13 01:03:43'),
(23, 8, 31, 'Android', '80', '70', '2018-09-13 01:03:56'),
(24, 8, 32, 'Android', '70', '80', '2018-09-13 01:04:23'),
(25, 8, 33, 'Android', '70', '80', '2018-09-13 01:04:39'),
(26, 8, 34, 'Android', '70', '80', '2018-09-13 01:05:00'),
(27, 8, 34, 'Android', '70', '80', '2018-09-13 01:05:21'),
(28, 8, 34, 'Android', '70', '80', '2018-09-13 01:05:43'),
(29, 8, 35, 'Android', '80', '70', '2018-09-13 01:06:07'),
(30, 8, 36, 'Android', '80', '70', '2018-09-13 01:06:29'),
(31, 8, 37, 'Android', '80', '70', '2018-09-13 01:06:48'),
(32, 8, 38, 'Android', '80', '70', '2018-09-13 01:07:09'),
(33, 8, 39, 'Android', '80', '70', '2018-09-13 01:07:22'),
(34, 8, 40, 'Android', '70', '80', '2018-09-13 01:07:35'),
(35, 8, 41, 'Android', '80', '70', '2018-09-13 01:07:46'),
(36, 8, 42, 'Android', '80', '70', '2018-09-13 01:07:59'),
(37, 8, 43, 'Android', '70', '80', '2018-09-13 01:08:11'),
(38, 8, 44, 'Android', '80', '80', '2018-09-13 01:08:34');

-- --------------------------------------------------------

--
-- Table structure for table `holiday`
--

CREATE TABLE `holiday` (
  `holiday_id` int(11) NOT NULL,
  `school_id` int(11) NOT NULL,
  `holiday_title` varchar(100) CHARACTER SET utf8 NOT NULL,
  `holiday_date` date NOT NULL
) ENGINE=InnoDB DEFAULT CHARSET=latin1;

--
-- Dumping data for table `holiday`
--

INSERT INTO `holiday` (`holiday_id`, `school_id`, `holiday_title`, `holiday_date`) VALUES
(13, 7, 'Hari Kemerdekaan RI', '2018-08-17'),
(14, 7, 'Idul Adha', '2018-08-22'),
(15, 7, 'Tahun Baru Islam', '2018-09-11');

-- --------------------------------------------------------

--
-- Table structure for table `notice_board`
--

CREATE TABLE `notice_board` (
  `notice_id` int(11) NOT NULL,
  `school_id` int(11) NOT NULL,
  `notice_description` longtext CHARACTER SET utf8 NOT NULL,
  `notice_type` varchar(100) CHARACTER SET utf8 NOT NULL,
  `notice_status` int(11) NOT NULL,
  `on_date` timestamp NOT NULL DEFAULT CURRENT_TIMESTAMP
) ENGINE=InnoDB DEFAULT CHARSET=latin1;

--
-- Dumping data for table `notice_board`
--

INSERT INTO `notice_board` (`notice_id`, `school_id`, `notice_description`, `notice_type`, `notice_status`, `on_date`) VALUES
(5, 8, 'date: 25-04-2016 is holiday because that day is our school mainatin on server side and lab releted', 'holiday', 1, '2016-04-18 08:40:20'),
(7, 8, 'this is notice for only standard 10 student..plase present all standard student for next sunday itsw an surprice test held for any subject', 'other', 1, '2016-04-18 08:53:11'),
(8, 8, 'test other notice', 'other', 1, '2016-04-18 09:01:16'),
(10, 7, 'Masuk kelas pukul 09.00 WIB', 'Pertemuan', 1, '2017-09-03 17:00:00'),
(11, 7, 'Hari ini libur', 'Hari Libur', 1, '2018-09-09 17:00:00'),
(12, 7, 'Hari ini Libur ya', 'Hari Libur', 1, '2018-08-16 17:00:00'),
(13, 7, 'Masuk Kelas jam 09.00 WIB', 'Pertemuan', 1, '2018-08-30 17:00:00');

-- --------------------------------------------------------

--
-- Table structure for table `school_detail`
--

CREATE TABLE `school_detail` (
  `school_id` int(11) NOT NULL,
  `user_id` int(11) NOT NULL,
  `school_name` varchar(100) CHARACTER SET utf8 NOT NULL,
  `school_address` varchar(100) CHARACTER SET utf8 NOT NULL,
  `school_state` varchar(100) CHARACTER SET utf8 NOT NULL,
  `school_city` varchar(100) CHARACTER SET utf8 NOT NULL,
  `school_postal_code` varchar(100) CHARACTER SET utf8 NOT NULL,
  `school_phone1` varchar(50) CHARACTER SET utf8 NOT NULL,
  `school_phone2` varchar(50) CHARACTER SET utf8 NOT NULL,
  `school_email` varchar(50) CHARACTER SET utf8 NOT NULL,
  `school_fax` varchar(50) CHARACTER SET utf8 NOT NULL,
  `school_logo` varchar(50) CHARACTER SET utf8 NOT NULL,
  `school_person_name` varchar(50) CHARACTER SET utf8 NOT NULL
) ENGINE=InnoDB DEFAULT CHARSET=latin1;

--
-- Dumping data for table `school_detail`
--

INSERT INTO `school_detail` (`school_id`, `user_id`, `school_name`, `school_address`, `school_state`, `school_city`, `school_postal_code`, `school_phone1`, `school_phone2`, `school_email`, `school_fax`, `school_logo`, `school_person_name`) VALUES
(1, 7, 'Pemrograman Aplikasi Mobile', 'Pusinfolahta TNI, Gedung Jend. Besar A. H. Nasution, Mabes TNI, Cilangkap', 'Jakarta Timur', 'Jakarta', '13870', '021 84595943', '0218456709', 'sayonaschoolmorbi@gmail.com', '', '200px-Lambang_TNI_2013.png', 'Ign. Budiman, S. P., M.Sc.'),
(4, 8, 'navyug vidhyalay', 'nr. chitrakut society, b/h st bus stand, morbi', '', 'morbi', '', '9615896320', '', 'navyugvidhyalay@yahoo.com', '', '14454012981436168479.jpg', 'ansoya ben');

-- --------------------------------------------------------

--
-- Table structure for table `school_student_chat`
--

CREATE TABLE `school_student_chat` (
  `chat_id` int(11) NOT NULL,
  `student_id` int(11) NOT NULL,
  `school_id` int(11) NOT NULL,
  `message` varchar(200) CHARACTER SET utf8 NOT NULL,
  `subject` varchar(100) CHARACTER SET utf8 NOT NULL,
  `reply` varchar(200) CHARACTER SET utf8 NOT NULL,
  `on_date` timestamp NOT NULL DEFAULT CURRENT_TIMESTAMP
) ENGINE=InnoDB DEFAULT CHARSET=latin1;

--
-- Dumping data for table `school_student_chat`
--

INSERT INTO `school_student_chat` (`chat_id`, `student_id`, `school_id`, `message`, `subject`, `reply`, `on_date`) VALUES
(1, 5, 7, 'tomorrow is my birthday..so i celebrate my birthday in school..?', 'birthday', '', '2016-04-24 08:52:24'),
(2, 1, 8, 'hi this is my test message', 'test', '', '2016-04-24 08:54:48'),
(3, 6, 7, 'can we celabrate all event in next week..?', 'event week', '<p>yes we celebrate</p>', '2016-04-24 08:55:25'),
(5, 7, 7, 'i am not good today so i will not come to the school. please inform to my class teacher', 'not well today', '<p>okay, care your heath.</p>', '2016-04-24 09:20:01'),
(6, 9, 7, 'hi this is my firs birthday to celebrat in school..?', 'celebrate birthdat', '<p>okay you can celebrate your birthday in school</p>', '2016-04-25 09:24:38'),
(7, 20, 8, 'my school bus is not come to the time in morning can you help and solve my problem please...?', 'school bus', '<p>oky..your school bus will be come to the time to time on tomorrow.</p>', '2016-04-24 09:36:28'),
(8, 7, 7, 'exam time and date with subject name.', 'sir, final exam date?', '<p>Exam start Next Monday 9:30 To 11:00 Mathas paper.</p>', '2016-10-20 10:13:24'),
(9, 7, 7, 'my family plan to visit Singapore summer holiday.', 'summer holiday date.?', '<p>Summer holiday start Date : 02/02/2016 To 08/02/2016.</p>', '2016-10-20 10:17:34'),
(10, 22, 7, 'Ini Tes Pertanyaan', 'Hello', '<p>Kasian Deh Lu</p>', '2018-08-17 03:52:20'),
(11, 22, 7, 'WAW', 'WA', '<p>Iyaaa</p>', '2018-08-17 03:53:14'),
(12, 22, 7, 'ijin tidak masuk', 'tidak masuk', '', '2018-08-24 01:22:37'),
(13, 43, 7, 'test', 'test', 'ok', '2018-09-06 02:02:03'),
(14, 26, 7, 'terlambat kena macet', 'ijin', '', '2018-09-06 02:02:22'),
(15, 26, 7, 'ijin saya tidak masuk karena sakit', 'ijin', '', '2018-09-13 01:47:16'),
(16, 26, 7, 'ijin tidak masuk karena sakit', 'Sakit', '', '2018-09-13 02:44:54');

-- --------------------------------------------------------

--
-- Table structure for table `standard`
--

CREATE TABLE `standard` (
  `standard_id` int(11) NOT NULL,
  `school_id` int(11) NOT NULL,
  `standard_title` varchar(100) CHARACTER SET utf8 NOT NULL
) ENGINE=InnoDB DEFAULT CHARSET=latin1;

--
-- Dumping data for table `standard`
--

INSERT INTO `standard` (`standard_id`, `school_id`, `standard_title`) VALUES
(8, 8, '8'),
(9, 8, '9'),
(10, 8, '10'),
(12, 8, '7'),
(18, 16, 'Android'),
(19, 7, 'Android');

-- --------------------------------------------------------

--
-- Table structure for table `student_detail`
--

CREATE TABLE `student_detail` (
  `student_id` int(11) NOT NULL,
  `school_id` int(11) NOT NULL,
  `student_user_name` varchar(100) NOT NULL,
  `student_status` int(11) NOT NULL,
  `student_password` varchar(100) NOT NULL,
  `student_orgpassword` varchar(100) NOT NULL,
  `student_unique_no` varchar(100) NOT NULL,
  `student_name` varchar(100) NOT NULL,
  `student_birthdate` date NOT NULL,
  `student_roll_no` varchar(100) NOT NULL,
  `student_standard` int(11) NOT NULL,
  `student_address` varchar(100) NOT NULL,
  `student_city` varchar(100) NOT NULL,
  `student_phone` varchar(50) NOT NULL,
  `student_parent_phone` varchar(50) NOT NULL,
  `student_enr_no` varchar(50) NOT NULL,
  `student_email` varchar(50) NOT NULL,
  `student_photo` varchar(100) NOT NULL,
  `student_branch` varchar(100) NOT NULL,
  `student_semester` varchar(100) NOT NULL,
  `student_division` varchar(50) NOT NULL,
  `student_batch` varchar(50) NOT NULL,
  `gcm_code` longtext NOT NULL,
  `pangkat` varchar(150) NOT NULL,
  `korp` varchar(150) NOT NULL,
  `nrp` varchar(150) NOT NULL,
  `kesatuan` varchar(150) NOT NULL,
  `jabatan` varchar(150) NOT NULL,
  `matra` varchar(150) NOT NULL
) ENGINE=InnoDB DEFAULT CHARSET=latin1;

--
-- Dumping data for table `student_detail`
--

INSERT INTO `student_detail` (`student_id`, `school_id`, `student_user_name`, `student_status`, `student_password`, `student_orgpassword`, `student_unique_no`, `student_name`, `student_birthdate`, `student_roll_no`, `student_standard`, `student_address`, `student_city`, `student_phone`, `student_parent_phone`, `student_enr_no`, `student_email`, `student_photo`, `student_branch`, `student_semester`, `student_division`, `student_batch`, `gcm_code`, `pangkat`, `korp`, `nrp`, `kesatuan`, `jabatan`, `matra`) VALUES
(1, 8, 'nirav', 1, 'ede997b0caf2ec398110d79d9eba38bb', 'terminal', '20160413_570e22dc364ac', 'nirav patel', '2016-04-21', '1', 8, 'b/h vardhman apartment, alap road, satadhar park-2, morbi', 'morbi', '9696569630', '9696963652', '1', 'patelnirav@gmail.com', '14454052651436169016.png', 'computer', '1', 'a', 'morning', '', '', '', '', '', '', ''),
(2, 8, 'jayesh', 1, 'ede997b0caf2ec398110d79d9eba38bb', 'terminal', '20160413_570e231a92a07', 'jayesh kotadiya', '2016-04-08', '2', 8, 'b/h vardhman apartment, alap road, satadhar park-2, morbi', 'morbi', '9696569630', '', '', '', '', '', '', '', '', '', '', '', '', '', '', ''),
(3, 8, 'subhash', 1, 'ede997b0caf2ec398110d79d9eba38bb', 'terminal', '20160413_570e2483ae0b8', 'subhash sanghani', '2016-04-19', '3', 8, 'nr. bypass road,  sanala road, morbi', 'morbi', '9659636541', '', '', '', '144540526514361690161.png', '', '', '', '', '', '', '', '', '', '', ''),
(4, 8, 'gautam', 1, 'ede997b0caf2ec398110d79d9eba38bb', 'terminal', '20160413_570e2516a1dd4', 'gautam chadasana', '2016-04-21', '1', 9, 'chitrkut society, morbi', 'morbi', '9612596320', '', '', '', '', '', '', '', '', '', '', '', '', '', '', ''),
(5, 7, 'jagruti', 1, 'ede997b0caf2ec398110d79d9eba38bb', 'terminal', '20160413_570e254bf19cf', 'jagruti patel', '2016-04-09', '1', 1, 'behind vardhman apartment, alap road, morbi', 'morbi', '9612596256', '9636987563', '1', 'pateljagruti@gmail.com', '144540526514361690162.png', 'gujarati', '1', 'b', 'afternoon', '', '', '', '', '', '', ''),
(6, 7, 'manish', 1, 'ede997b0caf2ec398110d79d9eba38bb', 'terminal', '20160414_570f1d9307be8', 'manish pandya', '2016-04-18', '2', 1, 'at-mahendra nagar, nr cng petrol pump, morbi-2', 'morbi', '9636859630', '', '', '', '14454038951436170152.jpg', '', '', '', '', '', '', '', '', '', '', ''),
(7, 7, 'daxa', 1, 'ede997b0caf2ec398110d79d9eba38bb', 'terminal', '20160414_570f20d29a9c4', 'Daxa Parmar', '2016-04-10', '1', 13, 'sanala road, nr bypass road, morbi', 'morbi', '9258965230', '9869635696', '1', 'daxaparmar@gmail.com', '', '', '', '', '', 'eTAX_MFw8Y0:APA91bGBWC6C6A5mF_JtjZ6Pa3Rn3qqIk0-_Zl5JYN4jxVBuw2d8BpCg2cxGqmhKLqbKwO0-zft8hV__CYTg3GYGehhsY9uqjjbKzP_UwzMSmrWN99biQ6coJBSPK4sUPx4bumwaYXP6', '', '', '', '', '', ''),
(8, 7, 'meet', 1, 'ede997b0caf2ec398110d79d9eba38bb', 'terminal', '20160414_570f215b1f619', 'meet khavadiya', '2016-04-27', '2', 13, 'mahendranagar, morbi-2', 'morbi', '9696569630', '', '', '', '', '', '', '', '', '', '', '', '', '', '', ''),
(9, 7, 'akash', 1, 'ede997b0caf2ec398110d79d9eba38bb', 'terminal', '20160414_570f21ef8dbcd', 'akash patel', '2016-04-20', '1', 14, 'sakta sanala, morbi', 'morbi', '9612596256', '9636585630', '1', 'akashpatel@gmail.com', '14454012981436168479.jpg', 'gujarati', '1', 'a', 'morning', '', '', '', '', '', '', ''),
(10, 7, 'amit', 0, 'ede997b0caf2ec398110d79d9eba38bb', 'terminal', '20160414_570f4cf672f74', 'amit panara', '1991-04-11', '1', 7, 'morbi-tankara road, tankara', 'morbi', '6935698560', '', '', '', '', '', '', '', '', '', '', '', '', '', '', ''),
(11, 7, 'test', 1, 'ede997b0caf2ec398110d79d9eba38bb', 'terminal', '20160415_57106dcf00a4c', 'test', '1991-12-31', '1', 2, 'morbi', 'morbi', '9696569630', '9696963652', '12', 'test@gmail.com', '144540389514361701521.jpg', 'hindi', '1', 'b', 'morning', '', '', '', '', '', '', ''),
(12, 7, 'gautam1', 0, 'ede997b0caf2ec398110d79d9eba38bb', 'terminal', '20160415_5710741574633', 'gautam chadasana', '1991-12-12', '1', 16, 'morbi', 'morbi', '9621526963', '', '', '', '', '', '', '', '', '', '', '', '', '', '', ''),
(13, 7, 'nitish', 0, 'ede997b0caf2ec398110d79d9eba38bb', 'terminal', '20160415_5710a56e706c1', 'nitish kumar', '1963-12-12', '2', 14, 'ravapar road, nr managlam medical , morbi', 'morbi', '9636859630', '', '', '', '', '', '', '', '', '', '', '', '', '', '', ''),
(14, 7, 'reshma', 1, 'ede997b0caf2ec398110d79d9eba38bb', 'terminal', '20160415_5710b0a9bd560', 'reshma patel', '1991-11-01', '1', 3, 'morbi-sanala road, lajai', 'morbi', '9369632587', '', '', '', '', '', '', '', '', '', '', '', '', '', '', ''),
(15, 7, 'nilesh', 1, 'ede997b0caf2ec398110d79d9eba38bb', 'terminal', '20160417_571311053cda1', 'nilesh goladhra', '1996-12-12', '5', 13, 'morbi', 'morbi', '9536985696', '', '', '', '', '', '', '', '', '', '', '', '', '', '', ''),
(16, 7, 'hitesh', 1, 'ede997b0caf2ec398110d79d9eba38bb', 'terminal', '20160417_571311296d1e0', 'hitesh virja', '1963-12-10', '6', 14, 'morbi', 'morbi', '9536985696', '', '', '', '', '', '', '', '', '', '', '', '', '', '', ''),
(17, 8, 'jayesh1', 1, 'ede997b0caf2ec398110d79d9eba38bb', 'terminal', '20160418_5714a58c326dc', 'jayesh sutariya', '1996-10-01', '5', 8, 'morbi', 'morbi', '9636961485', '', '', '', '', '', '', '', '', '', '', '', '', '', '', ''),
(18, 8, 'mahesh', 1, 'ede997b0caf2ec398110d79d9eba38bb', 'terminal', '20160418_5714a87bd8f0f', 'mahesh sitapara', '1996-03-01', '4', 8, 'at- lajai ravpar villege, morbi', 'morbi', '9364785963', '', '', '', '', '', '', '', '', '', '', '', '', '', '', ''),
(20, 8, 'chintan', 1, 'ede997b0caf2ec398110d79d9eba38bb', 'terminal', '20160418_5714bde01663b', 'chitan patel', '1996-03-06', '5', 9, 'morbi', 'morbi', '6935698560', '', '', '', '', '', '', '', '', '', '', '', '', '', '', ''),
(21, 8, 'test1', 1, 'ede997b0caf2ec398110d79d9eba38bb', 'terminal', '20160418_5714c2bf77de5', 'tets1', '2016-09-06', '1', 10, 'ravapr road morbi', 'morbi', '9625696325', '8956962478', '1', 'test@gmail.com', '', 'hindi', '1', 'b', 'morning', '', '', '', '', '', '', ''),
(23, 16, 'endah', 1, 'ce68516fb87b798ea24b37c160ea0d74', 'endahendah', '20180816_5b74e3d0b7f29', 'Endah P', '1999-08-08', '', 18, 'student address', 'Jakarta', '00000000', '', '', 'endah@gmail.com', 'endah.jpg', '', '', '', '', 'eGj6Pz7ADWc:APA91bETpI6RJcIQk_nbe-eAZ1atL-r3jvp7FZHS1z42Vnx1J79edUTwaZDSxjlcMdGg03s_rTH7ejDdqdmwQZ-dVzQ18qBM5SYxdFoHtJb_0sy-OejDrno_I-ru6KsgOyh4fW3dkrhUAWlVloaQdVskt3SzbyOGKw', 'Kapten', 'SUS', '511191', 'TNI AU', 'Kasubsi', 'AU'),
(25, 7, 'Mynhajoel', 1, 'd93fcb0a5ed9df95222f14e6982ba29c', 'mynhajoel', '20180824_5b7f6cb7c5f1c', 'Minhajul Affan', '1986-09-05', '', 19, 'Perum Grand Mutiara, Cileungsi', 'Jakarta', '081231231231', '', '', 'mynhajoel05@gmail.com', 'Srk_Affan.jpg', '', '', '', '', 'caPgnrv_IL0:APA91bE-RSnCaRR9hmS1LdoDHcVWqXz1rWWcgli9KkXByL4N-lkI6UkVqgppQ42DmIopFPfUN0Wey6zYgpJQCT39sJsR6GC4KDlpuZ5v3cRVghnVrWKqySOiMyBgtpgK8WklWFb9pLC6', 'Serka', 'Infanteri', '21050175740986', 'Pusinfolahta TNI', 'Baur Persmil', 'AD'),
(26, 7, 'masAji', 1, 'cef1f8cc0d4f092c748db492156589b7', 'masAji', '20180824_5b7f87c9606de', 'Tri Aji', '1986-07-07', '', 19, 'Bandung', 'jakarta', '081298349225', '0000', '', 'tri471.cena@gmail.com', 'Kpt_Triaji.jpg', '', '', '', '', 'caPgnrv_IL0:APA91bE-RSnCaRR9hmS1LdoDHcVWqXz1rWWcgli9KkXByL4N-lkI6UkVqgppQ42DmIopFPfUN0Wey6zYgpJQCT39sJsR6GC4KDlpuZ5v3cRVghnVrWKqySOiMyBgtpgK8WklWFb9pLC6', 'Kapten', 'Elektronika', '19238', 'Pushidrosal', 'Kaurnavsen Disveranautikas Pushidrosal', 'TNI AL'),
(27, 7, 'dendi', 1, '9d47cb51d31cc4adbdaa29cde5070c7c', 'dendi', '20180829_5b85feddac16e', 'Dendi Indra Pratama', '1994-12-19', '', 19, 'Jl. Komplek Perhubungan, Cimanggis Depok', 'Depok', '12345', '', '', '', 'Prt_Dendi.jpg', '', '', '', '', '', 'Pratu', 'CHB (Perhubungan)', '31140444671294', 'Yonhub', 'T.A. Mudi Run Unit Pernika', 'TNI AD'),
(28, 7, 'ardhi', 1, '80d7ef1d6229aafa8de7385aa5a736a7', 'ardhi', '20180829_5b8628299f54c', 'Muhammad Ardhi', '1986-01-16', '', 19, 'Gg. Sadar II RT 01/ Rw 01 Jatiraden Jatisampurna', 'Bekasi', '12345', '1200', '', '', 'PNS_aRDI.jpg', '', '', '', '', 'fd7U7Hxh2r4:APA91bGWlCORR4IYb7XpfKYUIDSku-qjgQAUqdmSaQ377fprUYjhMFaGbbTpVuQfSuxlCgPF5LNJ5OdwgVpVVfZqIh1fUKAV2WcxbTtJRBbLD_7N_z1LlDysXwli9aSuvvjTlQx-goFS', 'PNS  II/d', 'PNS', '19850116 2005011002', 'Denma Mabes TNI', 'BA Gud Ran Sucad Satharpal', 'Mabes TNI'),
(29, 7, 'mulyono', 1, 'a5c65fd5513d5467e312ae5243205bc3', 'mulyono', '20180829_5b86be7ddc239', 'Mulyono', '1974-05-16', '', 19, 'Komplek TWP TNI-AL Ciangsana Bogor', 'Bogor', '0978900', '42231', '', '', 'PNS_Mulyono.jpg', '', '', '', '', '', 'PNS II/d', 'PNS', '197405161994031003', 'Satharpal Denma Mabes TNI', 'Ba Montir Speda Motor Unit Bengram', 'Mabes TNI'),
(30, 7, 'arbi', 1, '9e4b7b4b8aee0e53dc7fe3bd7ceffdb7', 'arbi', '20180829_5b86bf897e4c6', 'Arbi', '1969-05-14', '', 19, 'Jl. Tipar Cakung Kp. Baru RT 017/ RW 007, Cakung Barat, Cakung, Jakata Timur', 'Jakarta', '434223', '4533', '', '', 'Peltu_Arbi.jpg', '', '', '', '', '', 'Peltu', 'Ede', '68922', 'Babek TNI', 'Baur Tu Subag Pullahta Bagbinum Babek TNI', 'TNI AL'),
(31, 7, 'kelasatas', 1, '628931812f4bf98a5135dc372499a934', 'kelasatas', '20180829_5b86c080e83b5', 'Nawana Supriyatna', '1969-11-23', '', 19, 'Jl. Nusa Indah 5 /2 no 88. Jakarta Timur', 'Jakarta', '435343', '332323', '', '', 'Pns_Nanang.jpg', '', '', '', '', '', 'PNS III/d', 'Teknik', '196911232003121005', 'Puskodal TNI AL', 'Kasubsi Lahta', 'TNI AL'),
(32, 7, 'suseno', 1, '533c00a36999afb9fd83e9f0e603a461', 'suseno', '20180829_5b86c176d4e83', 'M. Suseno Priambodo', '1987-10-15', '', 19, 'Dusun Soka Rt 4/Rw 1 Desa Bungur kec. Kunur Kab. Bojonegoro', 'Bojonegoro', '563656', '45656', '', '', 'Klk_Seno.jpg', '', '', '', '', '', 'Kelasi Kepala', 'RDL', '111558', 'Sops TNI', 'Tamudi IKKT Tawal Sops TNI', 'TNI AL'),
(33, 7, 'ainul', 1, '110a4fa5d91e3af9ec1c099f934e6d7d', 'ainul', '20180829_5b86c268a5b18', 'M. Ainul Afandi', '1988-08-28', '', 19, 'Rusunawa Mabes TNI Blok c Lantai 3 no. 305, Jatimakmur, Pondok Gede, Bekasi', 'Bekasi', '34534534', '65455665', '', '', 'Srk_Ainul.jpg', '', '', '', '', '', 'Sersan Kepala', 'Elektronika', '536707', 'Pusinfolahta TNI', 'Baurpam Aplikasi Bidpamsisfo', 'TNI AU'),
(34, 7, 'bambang', 1, 'a9711cbb2e3c2d5fc97a63e45bbe5076', 'bambang', '20180829_5b86c37bd4691', 'Bambang Arianto', '1990-06-17', '', 19, 'Jl.Falcon VIII Blok N No.4 Halim Perdana Kusuma', 'Jakarta', '7676556', '6435343', '', '', 'Srt_Bambang.jpg', '', '', '', '', '', 'Sersan Satu', 'PDE', '540460', 'Kohanudnas', 'Ba Operator Komputer Infolahta', 'TNI AU'),
(35, 7, 'hari', 1, 'a9bcf1e4d7b95a22e2975c812d938889', 'hari', '20180829_5b86c4e2553f3', 'Hariyanto', '1990-11-21', '', 19, 'Jl. falcon VIII no.2 Halim Perdana Kusuma', 'Jakarta', '343554', '213144', '', '', 'Srt_Hariyanto1.jpg', '', '', '', '', '', 'Sersan Satu', 'Pembekalan (KAL)', '540270', 'Kohanudnas', 'Ba Pembekalan Gudang Denma Kohanudnas', 'TNI AU'),
(36, 7, 'utama', 1, '88f32b5e07322da03c04231473635236', 'utama', '20180829_5b86c58347ecb', 'Utama Riandi', '1985-02-11', '', 19, 'Kp. Pajeleran no 48  Rt 7/Rw 6 Kel. Sukahati Kec. Cibinong  Kab. Bogor', 'Bogor', '45342424', '454656', '', '', 'Srk_Utama.jpg', '', '', '', '', '', 'Sersan Kepala', 'Infantri', '21060082590285', 'Sops TNI', 'Ba Oprator Komputer 2 Taud Sops TNI', 'TNI AD'),
(37, 7, 'dedi', 1, 'c5897fbcc14ddcf30dca31b2735c3d7e', 'dedi', '20180830_5b8743b0cb973', 'Dedi Kurniawan', '1990-03-14', '', 19, 'Jl. Matraman Raya no 92-94, Matraman, Jakarta Timur', 'Jakarta', '767676876', '4645767', '', '', 'Srt_Dedi.jpg', '', '', '', '', '', 'Sersan Satu', 'Infantri', '21100127190390', 'Pusintelad', 'BaOprasi Osnit Ur Data Pil', 'TNI AD'),
(38, 7, 'ryan', 1, '10c7ccc7a4f0aff03c915c485565b9da', 'ryan', '20180830_5b87448e5667c', 'Ryan Gandari Mugiana Belo', '1992-05-07', '', 19, 'Cilangkap Jakarta Timur', 'Jakarta', '6547476766', '75765667', '', '', '', '', '', '', '', '', 'Sersan Dua', 'Peralatan (PAL)', '21140025590592', 'Satang Denma Mabes TNI', 'Ba Satang Denma Mabes TNI', 'TNI AD'),
(39, 7, 'ambar', 1, 'd51a22ed45c4da9bd0dc10044da8cf60', 'ambar', '20180830_5b8745ea772a7', 'Setiyadi Ambarwanto', '1989-08-25', '', 19, 'JL. Falcon IV F-2 Halim Perdana Kusuma Jakarta Timur', 'Jakarta', '089567', '989978788', '', '', 'Srt_Setiyadi.jpg', '', '', '', '', '', 'Sersan Satu', 'Elektronika', '537922', 'Kohanudnas', 'Ba Lek Mondar Popunas', 'TNI AU'),
(40, 7, 'purwanti', 1, '67ceb1f7d8c67105d50a4a13618cee77', 'purwanti', '20180830_5b8776ba72b4a', 'Endah Purwantiningrum', '1967-05-25', '', 19, 'komplek Dwikora, Halim Perdanakusuma, Jakarta', 'Jakarta', '86566', '7887777', '', '', 'Kpt_Endah.jpg', '', '', '', '', '', 'Kapten', 'Sus/PDE', '511191', 'Kodiklatau', 'Ksbs Apldatabase Infolahta', 'TNI AL'),
(41, 7, 'suhadi', 1, '74107bf59217189319c8e59a7376c461', 'suhadi', '20180830_5b87774056ef9', 'Ahmad Sahudi, S.Sos', '1983-09-16', '', 19, 'Jl. Kapulaga II Blok B No.14 Cibubur Jakarta Timur', 'Jakarta', '890787676', '56656', '', '', 'Srk_Sahudi.jpg', '', '', '', '', '', 'Sersan Kepala', 'Czi (Zeni)', '21040199770983', 'Pusinfolahta TNI', 'Baur Prog dan Rekta Subbidsisfopers Bidinfomin', 'TNI AD'),
(42, 7, 'vicra', 1, '1e2a736a0ca7270fa63fc2cccb0386d0', 'vicra', '20180830_5b877840ec1ee', 'M. Nazharudin Vicra', '1996-07-26', '', 19, 'Yonhub Dithub', 'Jakarta', '3336663446', '766756', '', '', 'Prd_Vicra.jpg', '', '', '', '', '', 'Prajurit Dua', 'CHB (Perhubungan)', '31150073990796', 'Yonhub Dithub', 'Ta Mudi Ran Unit Ton 2 Kepernika Yonhub', 'TNI AD'),
(43, 7, 'triyadi', 1, '55b25128b7c0f86850335a53a765cf2e', 'triyadi', '20180830_5b87792d37267', 'Triyadi', '1979-02-25', '', 19, 'Jl. Tengki cipayung Jakarta', 'Jakarta', '6436665', '324554', '', '', 'PNS_TRIYADI.jpg', '', '', '', '', 'drkK7tML0Es:APA91bF6kNAGPe3BkQkdQ8keGi_x3eB6iKSiFzIyoNlnNSjGpQss8FmQ9eJKT7UqTHXtQ-7uIxknBYbZt-7F48T9Grq2cU1DZwDHVv2KseqRULqL6PQBavceFKqew5ihxbfxfkJrob-_', 'PNS  II/d', 'Teknik', '197902252008121003', 'Denma Mabes TNI AL', 'Ur data Satminpers', 'TNI AL'),
(44, 7, 'catur', 1, '3a9e3a1e836c1ded01fa4d59323723eb', 'catur', '20180830_5b877a10a9886', 'Catur Mei Riselasih', '1987-05-26', '', 19, 'Jl. Surtikanti No.6 Rt 6/3 Dirgantara III Halim Perdanakusuma, Jakarta', 'Jakarta', '4677656767', '12122312', '', '', 'Srk_Catur_Mei.jpg', '', '', '', '', '', 'Sersan Kepala', 'Sus/PDE', '535432', 'Lakesgilut', 'Ba Bmn Ur Bmn Setla', 'TNI AU');

-- --------------------------------------------------------

--
-- Table structure for table `student_growth`
--

CREATE TABLE `student_growth` (
  `growth_id` int(11) NOT NULL,
  `student_id` int(11) NOT NULL,
  `standard_id` int(11) NOT NULL,
  `month` varchar(100) NOT NULL,
  `growth` varchar(100) NOT NULL,
  `percentage` varchar(50) NOT NULL,
  `on_date` timestamp NOT NULL DEFAULT CURRENT_TIMESTAMP ON UPDATE CURRENT_TIMESTAMP
) ENGINE=InnoDB DEFAULT CHARSET=latin1;

--
-- Dumping data for table `student_growth`
--

INSERT INTO `student_growth` (`growth_id`, `student_id`, `standard_id`, `month`, `growth`, `percentage`, `on_date`) VALUES
(1, 10, 7, 'January', 'average', '40', '2016-04-23 08:41:34'),
(9, 9, 14, 'February', 'good', '60', '2016-04-23 08:41:41'),
(11, 6, 1, 'February', 'average', '40', '2016-04-23 08:41:44'),
(12, 4, 9, 'January', 'excellent', '80', '2016-04-23 08:41:47'),
(13, 18, 8, 'January', 'everage', '40', '2016-04-23 08:41:50'),
(14, 18, 8, 'February', 'everage', '40', '2016-04-23 08:41:54'),
(17, 2, 8, 'April', 'everage', '40', '2016-04-23 08:41:57'),
(18, 2, 8, 'March', 'good', '60', '2016-04-23 08:42:00'),
(19, 1, 8, 'April', 'good', '60', '2016-04-23 08:42:03'),
(20, 1, 8, 'February', 'everage', '40', '2016-04-23 08:42:06'),
(21, 3, 8, 'April', 'good', '60', '2016-04-23 08:42:09'),
(23, 5, 1, 'April', 'best', '80', '2016-10-15 09:08:53'),
(24, 7, 13, 'January', 'good', '60', '2016-04-23 08:42:15'),
(26, 5, 1, 'January', 'Good', '60', '2016-10-15 09:08:11'),
(28, 8, 13, 'January', 'average', '40', '2016-04-23 08:50:12'),
(29, 16, 14, 'January', 'Bad', '15', '2016-04-25 10:18:50'),
(31, 16, 14, 'February', 'Medium', '28', '2016-04-25 10:14:46'),
(32, 16, 14, 'April', 'Good', '65', '2016-04-25 10:15:15'),
(33, 16, 14, 'May', 'Excellent', '85', '2016-04-25 10:16:02'),
(35, 5, 1, 'February', 'Average', '65', '2016-10-15 09:08:34'),
(37, 23, 18, 'August', 'Excellent', '90', '2018-08-16 02:53:45'),
(38, 26, 19, 'Agustus', 'Good', '70', '2018-09-07 01:25:27'),
(39, 26, 19, 'Juli', 'Good', '60', '2018-09-07 01:25:59'),
(40, 26, 19, 'September', 'Good', '65', '2018-09-07 01:26:09');

-- --------------------------------------------------------

--
-- Table structure for table `teacher_detail`
--

CREATE TABLE `teacher_detail` (
  `teacher_id` int(11) NOT NULL,
  `school_id` int(11) NOT NULL,
  `teacher_name` varchar(100) NOT NULL,
  `gender` varchar(50) NOT NULL,
  `maritalstatus` varchar(50) NOT NULL,
  `teacher_birthdate` date NOT NULL,
  `teacher_detail` longtext NOT NULL,
  `teacher_image` varchar(100) NOT NULL,
  `teacher_phone` varchar(50) NOT NULL,
  `teacher_email` varchar(50) NOT NULL,
  `teacher_education` varchar(100) NOT NULL,
  `teacher_address` varchar(100) NOT NULL,
  `teacher_exp` varchar(100) NOT NULL,
  `teacher_notes` varchar(100) NOT NULL,
  `on_date` timestamp NOT NULL DEFAULT CURRENT_TIMESTAMP
) ENGINE=InnoDB DEFAULT CHARSET=latin1;

--
-- Dumping data for table `teacher_detail`
--

INSERT INTO `teacher_detail` (`teacher_id`, `school_id`, `teacher_name`, `gender`, `maritalstatus`, `teacher_birthdate`, `teacher_detail`, `teacher_image`, `teacher_phone`, `teacher_email`, `teacher_education`, `teacher_address`, `teacher_exp`, `teacher_notes`, `on_date`) VALUES
(1, 7, 'Nofrialdi', 'male', 'single', '1992-11-03', '<p>Standar : 8,9,10</p>\r\n\r\n<p>Subject: Programming Mobile dengan Android</p>\r\n\r\n<p>Programming Mobile dengan Android adalah sebuat subject pembelajaran dimana audience dapat mempraktekan ilmunya menciptakan aplikasi berbasis mobile..</p>\r\n\r\n<p>&nbsp;</p>', 'Aldi1.jpg', '081212575197', 'aldi.fasive@gmail.com', 'S1, Sistem Informasi STMIK Jayakarta', 'Perumahan Park Place Cluster Navara Rt 02/Rw 06 blok D no 10 Burangkeng, Cilengsi, Kab. Bogor', '1 year 6 month', 'PHP, Android and MySql', '2016-04-23 10:22:36'),
(3, 8, 'gautam ladani', 'male', 'married', '1990-11-01', '<p>standard: 1 to 6</p>\r\n\r\n<p>subject : gujarati</p>', '14454012981436168479.jpg', '9562587412', 'gautamladani@gmail.com', 'b.a', 'chitrakut society , morbi', '6 month', '', '2016-04-23 11:01:44'),
(4, 8, 'monika savani', 'female', 'married', '1998-09-15', '<p>standard: 11, 12 arts</p>\r\n\r\n<p>subject: english, social samaj</p>', '', '9632596858', '', 'M.A., B.ed', 'at- lajai, tankar road, morbi', '2 year 8 month', '', '2016-04-23 11:03:57'),
(7, 16, 'Fandeka Aghfirlana', 'male', 'single', '1999-09-09', '<p>Mengajar Pemrograman Aplikasi Mobile</p>', 'photo1.JPG', '089690826769', 'fandeka.aghfirlana@gmail.com', 'BIT (Bachelor of Information Technology)', 'Test', '2 Tahun', '', '2018-08-16 02:43:22'),
(8, 7, 'Fandeka Aghfirlana', 'male', 'single', '1988-10-10', '<p>Standar : 8,9,10</p>\r\n\r\n<p>Subject: Programming Mobile dengan Android</p>\r\n\r\n<p>Programming Mobile dengan Android adalah sebuat subject pembelajaran dimana audience dapat mempraktekan ilmunya menciptakan aplikasi berbasis mobile..</p>', 'fandeka11.jpg', '089690826769', 'fandeka.aghfirlana@gmail.com', 'S1, Sarjan Komputer', 'Modern Hill blok A1 No15 TangSel', '', '', '2018-09-05 02:59:10');

-- --------------------------------------------------------

--
-- Table structure for table `top_student`
--

CREATE TABLE `top_student` (
  `top_id` int(11) NOT NULL,
  `student_id` int(11) NOT NULL,
  `standard_id` int(11) NOT NULL,
  `school_id` int(11) NOT NULL,
  `student_rank` varchar(50) NOT NULL,
  `on_date` timestamp NOT NULL DEFAULT CURRENT_TIMESTAMP
) ENGINE=InnoDB DEFAULT CHARSET=latin1;

--
-- Dumping data for table `top_student`
--

INSERT INTO `top_student` (`top_id`, `student_id`, `standard_id`, `school_id`, `student_rank`, `on_date`) VALUES
(22, 9, 14, 7, '3', '2016-05-02 04:19:27'),
(23, 13, 14, 7, '2', '2016-05-02 04:19:27'),
(24, 16, 14, 7, '1', '2016-05-02 04:19:27'),
(28, 7, 13, 7, '1', '2016-05-02 04:21:57'),
(29, 8, 13, 7, '3', '2016-05-02 04:21:57'),
(30, 15, 13, 7, '2', '2016-05-02 04:21:57'),
(35, 1, 8, 8, '3', '2016-05-02 04:23:16'),
(36, 2, 8, 8, '2', '2016-05-02 04:23:16'),
(37, 3, 8, 8, '1', '2016-05-02 04:23:16'),
(39, 25, 19, 7, '5', '2018-09-07 01:22:58'),
(40, 26, 19, 7, '3', '2018-09-07 01:22:58'),
(41, 27, 19, 7, '19', '2018-09-07 01:22:58'),
(42, 28, 19, 7, '10', '2018-09-07 01:22:58'),
(43, 29, 19, 7, '17', '2018-09-07 01:22:58'),
(44, 30, 19, 7, '18', '2018-09-07 01:22:58'),
(45, 31, 19, 7, '12', '2018-09-07 01:22:58'),
(46, 32, 19, 7, '11', '2018-09-07 01:22:58'),
(47, 33, 19, 7, '16', '2018-09-07 01:22:58'),
(48, 34, 19, 7, '20', '2018-09-07 01:22:58'),
(49, 35, 19, 7, '13', '2018-09-07 01:22:58'),
(50, 36, 19, 7, '14', '2018-09-07 01:22:58'),
(51, 37, 19, 7, '9', '2018-09-07 01:22:58'),
(52, 38, 19, 7, '15', '2018-09-07 01:22:58'),
(53, 39, 19, 7, '7', '2018-09-07 01:22:58'),
(54, 40, 19, 7, '8', '2018-09-07 01:22:58'),
(55, 41, 19, 7, '6', '2018-09-07 01:22:58'),
(56, 42, 19, 7, '4', '2018-09-07 01:22:58'),
(57, 43, 19, 7, '2', '2018-09-07 01:22:58'),
(58, 44, 19, 7, '1', '2018-09-07 01:22:58');

-- --------------------------------------------------------

--
-- Table structure for table `users`
--

CREATE TABLE `users` (
  `user_id` int(11) NOT NULL,
  `user_name` varchar(100) CHARACTER SET utf8 NOT NULL,
  `user_password` longtext NOT NULL,
  `user_type_id` int(11) NOT NULL,
  `user_status` int(11) NOT NULL,
  `user_image` varchar(300) NOT NULL,
  `on_date` timestamp NOT NULL DEFAULT CURRENT_TIMESTAMP
) ENGINE=InnoDB DEFAULT CHARSET=latin1;

--
-- Dumping data for table `users`
--

INSERT INTO `users` (`user_id`, `user_name`, `user_password`, `user_type_id`, `user_status`, `user_image`, `on_date`) VALUES
(1, 'admin', 'ede997b0caf2ec398110d79d9eba38bb', 0, 1, 'women_gym_workout_wallpaper1.jpg', '2016-04-11 12:04:28'),
(7, 'kelasatas', '628931812f4bf98a5135dc372499a934', 1, 1, '', '2016-04-11 12:04:28'),
(8, 'school of commerce', 'ede997b0caf2ec398110d79d9eba38bb', 1, 0, '', '2016-04-12 05:49:57'),
(9, 'school of arts', 'ede997b0caf2ec398110d79d9eba38bb', 1, 0, '', '2016-04-18 06:22:43'),
(10, 'school of computer', 'ede997b0caf2ec398110d79d9eba38bb', 1, 0, '', '2016-10-15 08:48:20'),
(11, 'school of pharmacy', 'ede997b0caf2ec398110d79d9eba38bb', 1, 0, '', '2016-10-15 08:49:03'),
(12, 'school of management', 'ede997b0caf2ec398110d79d9eba38bb', 1, 0, '', '2016-10-15 08:49:25'),
(13, 'school of engineering', 'ede997b0caf2ec398110d79d9eba38bb', 1, 1, '', '2016-10-15 08:50:31'),
(14, 'school of primary', 'ede997b0caf2ec398110d79d9eba38bb', 1, 0, '', '2016-10-15 08:51:11'),
(15, 'school  of higher secondary', 'ede997b0caf2ec398110d79d9eba38bb', 1, 0, '', '2016-10-15 08:52:16'),
(16, 'kelasatas1', '628931812f4bf98a5135dc372499a934', 1, 0, '', '2018-08-16 02:37:43'),
(17, 'kelasbawah', '86c9d2a3388a3863d652145b2c7c0b83', 1, 0, '', '2018-08-16 02:38:01');

-- --------------------------------------------------------

--
-- Table structure for table `user_types`
--

CREATE TABLE `user_types` (
  `user_type_id` int(11) NOT NULL,
  `user_type_title` varchar(30) CHARACTER SET utf8 NOT NULL
) ENGINE=InnoDB DEFAULT CHARSET=latin1;

--
-- Dumping data for table `user_types`
--

INSERT INTO `user_types` (`user_type_id`, `user_type_title`) VALUES
(1, 'School');

-- --------------------------------------------------------

--
-- Table structure for table `user_type_access`
--

CREATE TABLE `user_type_access` (
  `user_type_id` int(11) NOT NULL,
  `class` varchar(30) NOT NULL,
  `method` varchar(30) NOT NULL,
  `access` int(11) NOT NULL
) ENGINE=InnoDB DEFAULT CHARSET=latin1;

--
-- Dumping data for table `user_type_access`
--

INSERT INTO `user_type_access` (`user_type_id`, `class`, `method`, `access`) VALUES
(0, 'admin', '*', 1),
(0, 'requestdemo', '*', 1),
(0, 'users', '*', 1),
(1, 'attendence', '*', 1),
(1, 'chat', '*', 1),
(1, 'event', '*', 1),
(1, 'exam', '*', 1),
(1, 'examresult', '*', 1),
(1, 'growth', '*', 1),
(1, 'holiday', '*', 1),
(1, 'noticeboard', '*', 1),
(1, 'school', '*', 1),
(1, 'standard', '*', 1),
(1, 'student', '*', 1),
(1, 'teacher', '*', 1),
(1, 'topstudent', '*', 1);

--
-- Indexes for dumped tables
--

--
-- Indexes for table `attendence`
--
ALTER TABLE `attendence`
  ADD PRIMARY KEY (`attendence_id`),
  ADD UNIQUE KEY `standard_id` (`standard_id`,`student_id`,`attendence_date`);

--
-- Indexes for table `demo_enquiry`
--
ALTER TABLE `demo_enquiry`
  ADD PRIMARY KEY (`demo_id`);

--
-- Indexes for table `event`
--
ALTER TABLE `event`
  ADD PRIMARY KEY (`event_id`);

--
-- Indexes for table `exam`
--
ALTER TABLE `exam`
  ADD PRIMARY KEY (`exam_id`);

--
-- Indexes for table `exam_result`
--
ALTER TABLE `exam_result`
  ADD PRIMARY KEY (`exam_result_id`);

--
-- Indexes for table `holiday`
--
ALTER TABLE `holiday`
  ADD PRIMARY KEY (`holiday_id`);

--
-- Indexes for table `notice_board`
--
ALTER TABLE `notice_board`
  ADD PRIMARY KEY (`notice_id`);

--
-- Indexes for table `school_detail`
--
ALTER TABLE `school_detail`
  ADD PRIMARY KEY (`school_id`),
  ADD UNIQUE KEY `user_id` (`user_id`);

--
-- Indexes for table `school_student_chat`
--
ALTER TABLE `school_student_chat`
  ADD PRIMARY KEY (`chat_id`);

--
-- Indexes for table `standard`
--
ALTER TABLE `standard`
  ADD PRIMARY KEY (`standard_id`);

--
-- Indexes for table `student_detail`
--
ALTER TABLE `student_detail`
  ADD PRIMARY KEY (`student_id`),
  ADD UNIQUE KEY `student_user_name` (`student_user_name`);

--
-- Indexes for table `student_growth`
--
ALTER TABLE `student_growth`
  ADD PRIMARY KEY (`growth_id`),
  ADD UNIQUE KEY `student_id` (`student_id`,`month`);

--
-- Indexes for table `teacher_detail`
--
ALTER TABLE `teacher_detail`
  ADD PRIMARY KEY (`teacher_id`);

--
-- Indexes for table `top_student`
--
ALTER TABLE `top_student`
  ADD PRIMARY KEY (`top_id`),
  ADD UNIQUE KEY `student_id` (`student_id`,`standard_id`,`school_id`,`student_rank`);

--
-- Indexes for table `users`
--
ALTER TABLE `users`
  ADD PRIMARY KEY (`user_id`);

--
-- Indexes for table `user_types`
--
ALTER TABLE `user_types`
  ADD PRIMARY KEY (`user_type_id`);

--
-- Indexes for table `user_type_access`
--
ALTER TABLE `user_type_access`
  ADD UNIQUE KEY `user_type_id` (`user_type_id`,`class`,`method`);

--
-- AUTO_INCREMENT for dumped tables
--

--
-- AUTO_INCREMENT for table `attendence`
--
ALTER TABLE `attendence`
  MODIFY `attendence_id` int(11) NOT NULL AUTO_INCREMENT, AUTO_INCREMENT=848;

--
-- AUTO_INCREMENT for table `demo_enquiry`
--
ALTER TABLE `demo_enquiry`
  MODIFY `demo_id` int(11) NOT NULL AUTO_INCREMENT, AUTO_INCREMENT=2;

--
-- AUTO_INCREMENT for table `event`
--
ALTER TABLE `event`
  MODIFY `event_id` int(11) NOT NULL AUTO_INCREMENT, AUTO_INCREMENT=67;

--
-- AUTO_INCREMENT for table `exam`
--
ALTER TABLE `exam`
  MODIFY `exam_id` int(11) NOT NULL AUTO_INCREMENT, AUTO_INCREMENT=11;

--
-- AUTO_INCREMENT for table `exam_result`
--
ALTER TABLE `exam_result`
  MODIFY `exam_result_id` int(11) NOT NULL AUTO_INCREMENT, AUTO_INCREMENT=39;

--
-- AUTO_INCREMENT for table `holiday`
--
ALTER TABLE `holiday`
  MODIFY `holiday_id` int(11) NOT NULL AUTO_INCREMENT, AUTO_INCREMENT=16;

--
-- AUTO_INCREMENT for table `notice_board`
--
ALTER TABLE `notice_board`
  MODIFY `notice_id` int(11) NOT NULL AUTO_INCREMENT, AUTO_INCREMENT=14;

--
-- AUTO_INCREMENT for table `school_detail`
--
ALTER TABLE `school_detail`
  MODIFY `school_id` int(11) NOT NULL AUTO_INCREMENT, AUTO_INCREMENT=6;

--
-- AUTO_INCREMENT for table `school_student_chat`
--
ALTER TABLE `school_student_chat`
  MODIFY `chat_id` int(11) NOT NULL AUTO_INCREMENT, AUTO_INCREMENT=17;

--
-- AUTO_INCREMENT for table `standard`
--
ALTER TABLE `standard`
  MODIFY `standard_id` int(11) NOT NULL AUTO_INCREMENT, AUTO_INCREMENT=20;

--
-- AUTO_INCREMENT for table `student_detail`
--
ALTER TABLE `student_detail`
  MODIFY `student_id` int(11) NOT NULL AUTO_INCREMENT, AUTO_INCREMENT=45;

--
-- AUTO_INCREMENT for table `student_growth`
--
ALTER TABLE `student_growth`
  MODIFY `growth_id` int(11) NOT NULL AUTO_INCREMENT, AUTO_INCREMENT=41;

--
-- AUTO_INCREMENT for table `teacher_detail`
--
ALTER TABLE `teacher_detail`
  MODIFY `teacher_id` int(11) NOT NULL AUTO_INCREMENT, AUTO_INCREMENT=9;

--
-- AUTO_INCREMENT for table `top_student`
--
ALTER TABLE `top_student`
  MODIFY `top_id` int(11) NOT NULL AUTO_INCREMENT, AUTO_INCREMENT=59;

--
-- AUTO_INCREMENT for table `users`
--
ALTER TABLE `users`
  MODIFY `user_id` int(11) NOT NULL AUTO_INCREMENT, AUTO_INCREMENT=18;

--
-- AUTO_INCREMENT for table `user_types`
--
ALTER TABLE `user_types`
  MODIFY `user_type_id` int(11) NOT NULL AUTO_INCREMENT, AUTO_INCREMENT=2;
COMMIT;

/*!40101 SET CHARACTER_SET_CLIENT=@OLD_CHARACTER_SET_CLIENT */;
/*!40101 SET CHARACTER_SET_RESULTS=@OLD_CHARACTER_SET_RESULTS */;
/*!40101 SET COLLATION_CONNECTION=@OLD_COLLATION_CONNECTION */;
